postal_code,province_code,municipality_code,municipality_name
01001,01,01059,Gasteiz / Vitoria
01002,01,01059,Gasteiz / Vitoria
01003,01,01059,Gasteiz / Vitoria
01004,01,01059,Gasteiz / Vitoria
01005,01,01059,Gasteiz / Vitoria
01006,01,01059,Gasteiz / Vitoria
01007,01,01059,Gasteiz / Vitoria
01008,01,01059,Gasteiz / Vitoria
01009,01,01059,Gasteiz / Vitoria
01010,01,01059,Gasteiz / Vitoria
01012,01,01028,Bastida / Labastida
01013,01,01059,Gasteiz / Vitoria
01015,01,01059,Gasteiz / Vitoria
01071,01,01071,Vitoria-Gasteiz
01080,01,01080,Vitoria-Gasteiz
01100,01,01100,Centro Militar Araka
01110,01,01017,Kanpezu / Campezo
01117,01,01017,Kanpezu / Campezo
01118,09,09109,Condado de Treviño
01118,01,09109,Condado de Treviño
01120,01,01037,Arraia-Maeztu
01128,01,01016,Bernedo
01129,01,01037,Arraia-Maeztu
01130,01,01063,Zuia
01138,01,01018,Zigoitia
01139,01,01063,Zuia
01160,01,01003,Aramaio
01165,01,01003,Aramaio
01169,01,01003,Aramaio
01170,01,01058,Legutio
01191,01,01901,Iruña Oka / Iruña de Oca
01192,01,01021,Burgelu / Elburgo
01193,01,01021,Burgelu / Elburgo
01194,01,01016,Bernedo
01195,01,01901,Iruña Oka / Iruña de Oca
01196,01,01018,Zigoitia
01200,01,01051,Agurain / Salvatierra
01206,01,01013,Barrundia
01207,01,01051,Agurain / Salvatierra
01208,01,01013,Barrundia
01211,09,01006,Armiñón
01211,01,01006,Armiñón
01212,01,01028,Bastida / Labastida
01213,01,01046,Erriberagoitia / Ribera Alta
01216,01,01016,Bernedo
01220,01,01006,Armiñón
01230,01,01901,Iruña Oka / Iruña de Oca
01240,01,01001,Dulantzi / Alegría
01250,01,01009,Asparrena
01260,01,01009,Asparrena
01300,01,01031,Laguardia
01306,01,01033,Lapuebla de Labarca
01307,01,01011,Mañueta / Baños de Ebro
01308,01,01031,Laguardia
01309,01,01031,Laguardia
01320,01,01043,Oion / Oyón
01321,01,01031,Laguardia
01322,01,01039,Moreda Araba / Moreda de Álava
01330,01,01028,Bastida / Labastida
01340,01,01022,Elciego
01400,01,01036,Laudio / Llodio
01408,01,01010,Aiara / Ayala
01409,01,01042,Okondo
01420,01,01046,Erriberagoitia / Ribera Alta
01423,01,01046,Erriberagoitia / Ribera Alta
01426,01,01046,Erriberagoitia / Ribera Alta
01427,09,01055,Gaubea / Valdegovía
01427,01,01055,Gaubea / Valdegovía
01428,01,01046,Erriberagoitia / Ribera Alta
01430,01,01020,Kuartango
01439,01,01020,Kuartango
01440,01,01054,Urkabustaiz
01449,01,01054,Urkabustaiz
01450,01,01002,Amurrio
01468,01,01002,Amurrio
01470,01,01002,Amurrio
01474,01,01004,Artziniega
01476,01,01010,Aiara / Ayala
01477,01,01010,Aiara / Ayala
01478,01,01004,Artziniega
01479,01,01010,Aiara / Ayala
01510,01,01058,Legutio
01520,01,01059,Gasteiz / Vitoria
02001,02,02003,Albacete
02002,02,02003,Albacete
02003,02,02003,Albacete
02004,02,02003,Albacete
02005,02,02003,Albacete
02006,02,02003,Albacete
02007,02,02007,Albacete (CP 02007)
02008,02,02003,Albacete
02049,02,02003,Albacete
02070,02,02070,Albacete (CP 02070)
02071,02,02003,Albacete
02080,02,02080,Albacete (CP 02080)
02100,02,02073,Tarazona de la Mancha
02110,02,02035,"Gineta, La"
02120,02,02060,Peñas de San Pedro
02124,02,02006,Alcadozo
02125,02,02011,Ayna
02127,02,02060,Peñas de San Pedro
02129,02,02063,Pozohondo
02130,02,02017,Bogarra
02136,02,02058,Paterna del Madera
02137,02,02058,Paterna del Madera
02139,02,02011,Ayna
02140,02,02003,Albacete
02141,02,02063,Pozohondo
02142,02,02044,Liétor
02150,02,02075,Valdeganga
02151,02,02021,Casas de Juan Núñez
02152,02,02002,Alatoz
02153,02,02020,Carcelén
02154,02,02064,Pozo-Lorente
02155,02,02003,Albacete
02156,02,02029,Chinchilla de Monte-Aragón
02160,02,02043,Lezuza
02161,02,02043,Lezuza
02162,02,02038,"Herrera, La"
02200,02,02024,Casas-Ibáñez
02210,02,02007,Alcalá del Júcar
02211,02,02007,Alcalá del Júcar
02212,02,02023,Casas de Ves
02213,02,02077,Villa de Ves
02214,02,02007,Alcalá del Júcar
02215,02,02005,Alborea
02220,02,02052,Motilleja
02230,02,02045,Madrigueras
02240,02,02046,Mahora
02246,02,02054,Navas de Jorquera
02247,02,02026,Cenizate
02248,02,02041,Jorquera
02249,02,02034,Fuentealbilla
02250,02,02001,Abengibre
02251,02,02034,Fuentealbilla
02252,02,02007,Alcalá del Júcar
02253,02,02036,Golosalvo
02260,02,02034,Fuentealbilla
02270,02,02079,Villamalea
02300,02,02008,Alcaraz
02310,02,02085,Viveros
02311,02,02062,Povedilla
02312,02,02008,Alcaraz
02313,02,02059,Peñascosa
02314,02,02008,Alcaraz
02315,02,02076,Vianos
02316,02,02070,Salobre
02320,02,02012,Balazote
02326,02,02071,San Pedro
02327,02,02065,Pozuelo
02328,02,02003,Albacete
02329,02,02022,Casas de Lázaro
02340,02,02068,Robledo
02350,02,02080,Villapalacios
02360,02,02016,Bienservida
02400,02,02037,Hellín
02409,02,02037,Hellín
02410,02,02044,Liétor
02420,02,02037,Hellín
02430,02,02030,Elche de la Sierra
02434,02,02042,Letur
02435,02,02072,Socovos
02436,02,02031,Férez
02437,02,02072,Socovos
02439,02,02030,Elche de la Sierra
02440,02,02049,Molinicos
02448,02,02017,Bogarra
02449,02,02030,Elche de la Sierra
02450,02,02067,Riópar
02459,02,02058,Paterna del Madera
02460,02,02084,Villaverde de Guadalimar
02461,02,02028,Cotillas
02462,02,02067,Riópar
02480,02,02086,Yeste
02484,02,02086,Yeste
02485,02,02086,Yeste
02486,02,02086,Yeste
02487,02,02086,Yeste
02489,02,02086,Yeste
02490,02,02037,Hellín
02499,02,02037,Hellín
02500,02,02074,Tobarra
02510,02,02029,Chinchilla de Monte-Aragón
02511,02,02003,Albacete
02512,02,02003,Albacete
02513,02,02074,Tobarra
02520,02,02029,Chinchilla de Monte-Aragón
02530,02,02055,Nerpio
02534,02,02055,Nerpio
02536,02,02055,Nerpio
02600,02,02081,Villarrobledo
02610,02,02019,"Bonillo, El"
02611,02,02057,Ossa de Montiel
02612,02,02053,Munera
02614,02,02014,"Ballestero, El"
02620,02,02048,Minaya
02630,02,02069,"Roda, La"
02636,02,16060,Casas de Benítez
02637,02,02032,Fuensanta
02638,02,02050,Montalvos
02639,02,02015,Barrax
02640,02,02009,Almansa
02650,02,02051,Montealegre del Castillo
02651,02,02033,Fuente-Álamo
02652,02,02056,Ontur
02653,02,02004,Albatana
02660,02,02025,Caudete
02690,02,02010,Alpera
02691,02,02018,Bonete
02692,02,02029,Chinchilla de Monte-Aragón
02693,02,02027,Corral-Rubio
02694,02,02039,Higueruela
02695,02,02029,Chinchilla de Monte-Aragón
02696,02,02040,Hoya-Gonzalo
03001,03,03014,Alicante
03002,03,03014,Alicante
03003,03,03014,Alicante
03004,03,03014,Alicante
03005,03,03014,Alicante
03006,03,03014,Alicante
03007,03,03014,Alicante
03008,03,03014,Alicante
03009,03,03014,Alicante
03010,03,03014,Alicante
03011,03,03014,Alicante
03012,03,03014,Alicante
03013,03,03014,Alicante
03014,03,03014,Alicante
03015,03,03014,Alicante
03016,03,03014,Alicante
03070,03,03070,Alicante/Alacant
03071,03,03071,Alicante/Alacant
03080,03,03080,Alicante/Alacant
03100,03,03083,Jijona/Xixona
03108,03,03132,"Torremanzanas/Torre de les Maçanes, la"
03109,03,03129,Tibi
03110,03,03090,Mutxamel
03111,03,03046,Busot
03112,03,03014,Alicante
03113,03,03065,Elche
03114,03,03014,Alicante
03115,03,03014,Alicante
03130,03,03121,Santa Pola
03138,03,03014,Alicante
03139,03,03065,Elche
03140,03,03076,Guardamar del Segura
03149,03,03149,Moncayo
03150,03,03064,Dolores
03158,03,03055,Catral
03159,03,03061,Daya Nueva
03160,03,03015,Almoradí
03169,03,03012,Algorfa
03170,03,03113,Rojales
03176,03,03012,Algorfa
03177,03,03062,Daya Vieja
03178,03,03034,Benijófar
03179,03,03015,Almoradí
03180,03,03133,Torrevieja
03181,03,03133,Torrevieja
03182,03,03133,Torrevieja
03183,03,03133,Torrevieja
03184,03,03133,Torrevieja
03185,03,03133,Torrevieja
03186,03,03133,Torrevieja
03187,03,03903,"Montesinos, Los"
03188,03,03133,Torrevieja
03189,03,03099,Orihuela
03190,03,03902,Pilar de la Horadada
03191,03,03099,Orihuela
03193,03,03120,San Miguel de Salinas
03194,03,03065,Elche
03195,03,03065,Elche
03200,03,03200,Elx/Elche
03201,03,03065,Elche
03202,03,03065,Elche
03203,03,03065,Elche
03204,03,03065,Elche
03205,03,03065,Elche
03206,03,03065,Elche
03207,03,03065,Elche
03208,03,03065,Elche
03290,03,03065,Elche
03291,03,03065,Elche
03292,03,03065,Elche
03293,03,03065,Elche
03294,03,03065,Elche
03295,03,03065,Elche
03296,03,03065,Elche
03300,03,03099,Orihuela
03310,03,03099,Orihuela
03311,03,03099,Orihuela
03312,03,03099,Orihuela
03313,03,03099,Orihuela
03314,03,03099,Orihuela
03315,03,03099,Orihuela
03316,03,03099,Orihuela
03317,03,03049,Callosa de Segura
03318,03,03318,Lo Rocamora
03319,03,03319,Entrenaranjos / Urb. Entre Naranjos (Urbanizacion)
03320,03,03065,Elche
03321,03,03321,Correntias Medias
03322,03,03322,Serranos (Vereda)
03325,03,03325,La Campaneta
03330,03,03059,Crevillent
03339,03,03059,Crevillent
03340,03,03005,Albatera
03348,03,03074,Granja de Rocamora
03349,03,03904,San Isidro
03350,03,03058,Cox
03360,03,03049,Callosa de Segura
03369,03,03099,Orihuela
03370,03,03111,Redován
03380,03,03044,Bigastro
03390,03,03024,Benejúzar
03400,03,03140,Villena
03408,03,03140,Villena
03409,03,03052,Cañada
03410,03,03043,Biar
03420,03,03053,Castalla
03430,03,03096,Onil
03440,03,03079,Ibi
03450,03,03021,Banyeres de Mariola
03459,03,03459,Villa-Rosa (Caserio)
03460,03,03023,Beneixama
03469,03,03051,"Campo de Mirra/Camp de Mirra, el"
03500,03,03500,Benidorm
03501,03,03031,Benidorm
03502,03,03031,Benidorm
03503,03,03031,Benidorm
03508,03,03508,Benidorm
03509,03,03069,Finestrat
03510,03,03048,Callosa d'En Sarrià
03516,03,03037,Benimantell
03517,03,03057,Confrides
03518,03,03045,Bolulla
03519,03,03519,Chines
03520,03,03107,Polop de Marina
03530,03,03094,La Nucia
03540,03,03014,Alicante
03550,03,03119,Sant Joan d'Alacant
03559,03,03014,Alicante
03560,03,03050,El Campello
03569,03,03004,Aigües
03570,03,03139,Villajoyosa
03578,03,03112,Relleu
03579,03,03124,Sella
03580,03,03011,l'Alfàs del Pi
03581,03,03011,l'Alfàs del Pi
03589,03,03589,Santa Fe (Urbanizacion)
03590,03,03018,Altea
03599,03,03018,Altea
03600,03,03066,Elda
03610,03,03104,Petrer
03630,03,03123,Sax
03638,03,03116,Salinas
03639,03,03140,Villena
03640,03,03089,Monóvar/Monòver
03649,03,03089,Monóvar/Monòver
03650,03,03105,"Pinós, el/Pinoso"
03657,30,03105,"Pinós, el/Pinoso"
03657,03,03105,"Pinós, el/Pinoso"
03658,03,03105,"Pinós, el/Pinoso"
03659,03,03105,"Pinós, el/Pinoso"
03660,03,03093,Novelda
03668,03,03013,Algueña
03669,03,03114,"Romana, la"
03670,03,03088,Monforte del Cid
03679,03,03088,Monforte del Cid
03680,03,03019,Aspe
03688,03,03077,"Fondó de les Neus, el/Hondón de las Nieves"
03689,03,03077,"Fondó de les Neus, el/Hondón de las Nieves"
03690,03,03122,San Vicente del Raspeig/Sant Vicent del Raspeig
03698,03,03002,Agost
03699,03,03014,Alicante
03700,03,03063,Dénia
03709,03,03063,Dénia
03710,03,03047,Calp / Calpe
03720,03,03041,Benissa
03723,03,03006,Alcalalí
03724,03,03128,Teulada
03725,03,03128,Teulada
03726,03,03042,"Benitachell/Poble Nou de Benitatxell, el"
03727,03,03081,Xaló
03728,03,03006,Alcalalí
03729,03,03125,Senija
03730,03,03082,Javea
03737,03,03082,Javea
03738,03,03082,Javea
03739,03,03082,Javea
03740,03,03071,Gata de Gorgos
03749,03,03063,Dénia
03750,03,03101,Pedreguer
03759,03,03030,Benidoleig
03760,03,03095,Ondara
03769,03,03040,Benimeli
03770,03,03063,Dénia
03778,03,03026,Beniarbeig
03779,03,03063,Dénia
03780,03,03063,Dénia
03786,03,03001,Adsubia
03788,03,03136,Vall de Gallinera
03789,03,03135,"Vall d'Ebo, la"
03790,03,03097,Orba
03791,03,03137,La Vall de Laguar
03792,03,03091,Murla
03793,03,03054,Castell de Castells
03794,03,03029,Benigembla
03795,03,03131,Tormos
03800,03,03009,Alcoy
03801,03,03009,Alcoy
03802,03,03009,Alcoy
03803,03,03009,Alcoy
03804,03,03009,Alcoy
03810,03,03035,Benilloba
03811,03,03073,Gorga
03812,03,03086,Millena
03813,03,03068,Famorca
03814,03,03008,Alcoleja
03815,03,03103,Penàguila
03816,03,03032,Benifallim
03819,03,03009,Alcoy
03820,03,03056,Cocentaina
03827,03,03016,Almudaina
03828,03,03106,Planes
03829,03,03056,Cocentaina
03830,03,03092,Muro de Alcoy
03837,03,03003,Agres
03838,03,03010,Alfafara
03839,03,03092,Muro de Alcoy
03840,03,03072,Gaianes
03841,03,03007,Alcocer de Planes
03850,03,03028,Beniarrés
03860,03,03084,"Lorcha/Orxa, l'"
03870,03,03870,Penella
04001,04,04013,Almería
04002,04,04013,Almería
04003,04,04013,Almería
04004,04,04013,Almería
04005,04,04013,Almería
04006,04,04013,Almería
04007,04,04013,Almería
04008,04,04013,Almería
04009,04,04013,Almería
04070,04,04070,Almería (CP 04070)
04071,04,04071,Almería (CP 04071)
04080,04,04080,Almería (CP 04080)
04100,04,04066,Níjar
04110,04,04066,Níjar
04113,04,04066,Níjar
04114,04,04060,Lucainena de las Torres
04115,04,04066,Níjar
04116,04,04066,Níjar
04117,04,04066,Níjar
04118,04,04066,Níjar
04119,04,04066,Níjar
04120,04,04013,Almería
04130,04,04013,Almería
04131,04,04013,Almería
04140,04,04032,Carboneras
04149,04,04086,Sorbas
04150,04,04013,Almería
04151,04,04066,Níjar
04160,04,04013,Almería
04200,04,04088,Tabernas
04210,04,04060,Lucainena de las Torres
04211,04,04088,Tabernas
04212,04,04097,Velefique
04213,04,04082,Senés
04230,04,04052,Huércal de Almería
04240,04,04101,Viator
04250,04,04074,Pechina
04259,04,04074,Pechina
04260,04,04078,Rioja
04270,04,04086,Sorbas
04271,04,04086,Sorbas
04274,04,04027,Benizalón
04275,04,04090,Tahal
04276,04,04009,Alcudia de Monteagud
04277,04,04093,Turre
04278,04,04086,Sorbas
04279,04,04095,Uleila del Campo
04280,04,04048,"Gallardos, Los"
04288,04,04022,Bédar
04289,04,04022,Bédar
04400,04,04011,Alhama de Almería
04409,04,04012,Alicún
04410,04,04024,Benahadux
04420,04,04081,Santa Fe de Mondújar
04430,04,04055,Instinción
04431,04,04054,Illar
04440,04,04077,Rágol
04450,04,04050,Gérgal
04458,04,04014,Almócita
04459,04,04067,Ohanes
04460,04,04046,Fondón
04470,04,04057,Láujar de Andarax
04479,04,04020,Bayárcal
04480,04,04007,Alcolea
04500,04,04045,Fiñana
04510,04,04001,Abla
04520,04,04002,Abrucena
04530,04,04901,"Tres Villas, Las"
04531,04,04005,Alboloduy
04532,04,04901,"Tres Villas, Las"
04533,04,04002,Abrucena
04540,04,04065,Nacimiento
04549,04,04050,Gérgal
04550,04,04050,Gérgal
04558,04,04005,Alboloduy
04559,04,04050,Gérgal
04560,04,04047,Gádor
04567,04,04010,Alhabia
04568,04,04015,Alsodux
04569,04,04028,Bentarique
04600,04,04053,Huércal-Overa
04610,04,04035,Cuevas del Almanzora
04616,04,04035,Cuevas del Almanzora
04617,04,04035,Cuevas del Almanzora
04618,04,04035,Cuevas del Almanzora
04619,04,04035,Cuevas del Almanzora
04620,04,04100,Vera
04621,04,04621,Puerto Rey
04628,04,04016,Antas
04629,04,04016,Antas
04630,04,04049,Garrucha
04638,04,04064,Mojácar
04639,04,04064,Mojácar
04640,04,04070,Oria
04647,04,04035,Cuevas del Almanzora
04648,04,04035,Cuevas del Almanzora
04649,04,04075,Pulpí
04650,04,04103,Zurgena
04660,04,04017,Arboleas
04661,04,04103,Zurgena
04662,04,04103,Zurgena
04690,04,04053,Huércal-Overa
04691,04,04053,Huércal-Overa
04692,04,04053,Huércal-Overa
04693,04,04053,Huércal-Overa
04694,04,04053,Huércal-Overa
04700,04,04902,"Ejido, El"
04710,04,04902,"Ejido, El"
04711,04,04902,"Ejido, El"
04712,04,04902,"Ejido, El"
04713,04,04904,Balanegra
04715,04,04902,"Ejido, El"
04716,04,04902,"Ejido, El"
04717,04,04717,San Agustin
04720,04,04079,Roquetas de Mar
04721,04,04102,Vícar
04727,04,04102,Vícar
04728,04,04043,Felix
04729,04,04041,Enix
04738,04,04102,Vícar
04740,04,04079,Roquetas de Mar
04741,04,04079,Roquetas de Mar
04743,04,04079,Roquetas de Mar
04745,04,04903,"Mojonera, La"
04746,04,04903,"Mojonera, La"
04750,04,04038,Dalías
04760,04,04029,Berja
04768,04,04007,Alcolea
04769,04,04029,Berja
04770,04,04003,Adra
04778,04,04003,Adra
04779,04,04020,Bayárcal
04800,04,04006,Albox
04810,04,04070,Oria
04811,04,04070,Oria
04812,04,04006,Albox
04813,04,04006,Albox
04814,04,04006,Albox
04815,04,04031,Cantoria
04820,04,04099,Velez Rubio
04825,04,04037,Chirivel
04826,04,04099,Velez Rubio
04827,04,04099,Velez Rubio
04828,04,04099,Velez Rubio
04829,04,04098,Velez Blanco
04830,04,04098,Velez Blanco
04838,04,04063,María
04839,04,04098,Velez Blanco
04850,04,04031,Cantoria
04857,04,04004,Albánchez
04858,04,04004,Albánchez
04859,04,04036,Chercos
04860,04,04069,Olula del Río
04867,04,04062,Macael
04868,04,04056,Laroya
04869,04,04044,Fines
04870,04,04076,Purchena
04877,04,04061,Lúcar
04878,04,04087,Suflí
04879,04,04096,Urrácal
04880,04,04092,Tíjola
04887,04,04061,Lúcar
04888,04,04018,Armuña de Almanzora
04889,04,04019,Bacares
04890,04,04083,Serón
04897,04,04008,Alcóntar
04898,04,04008,Alcóntar
04899,04,04083,Serón
05001,05,05019,Ávila
05002,05,05019,Ávila
05003,05,05019,Ávila
05004,05,05019,Ávila
05005,05,05019,Ávila
05070,05,05070,Ávila (CP 05070)
05071,05,05071,Ávila (CP 05071)
05080,05,05080,Ávila (CP 05080)
05100,05,05163,Navaluenga
05110,05,05022,"Barraco, El"
05111,05,05211,San Juan de la Nava
05112,05,05112,Calas Del Burguillo
05113,05,05041,Burgohondo
05114,05,05905,Villanueva de Ávila
05115,05,05167,Navarrevisca
05120,05,05158,Navalmoral
05122,05,05164,Navaquesera
05123,05,05101,Hoyocasero
05130,05,05238,Solosancho
05131,05,05096,"Hija de Dios, La"
05132,05,05106,Hoyos de Miguel Muñoz
05133,05,05215,San Martín de la Vega del Alberche
05134,05,05157,Navalacruz
05140,05,05053,Casasola
05141,05,05067,Chamartín
05143,05,05252,Valdecasa
05145,05,05119,Manjabálago
05146,05,05033,Blascomillán
05147,05,05107,Hurtumpascual
05148,05,05044,Cabezas del Villar
05149,05,05059,Cillán
05150,05,05181,Pascualcobo
05151,05,05122,Martínez
05152,05,05122,Martínez
05153,05,05025,Becedillas
05154,05,05129,"Mirón, El"
05160,05,05019,Ávila
05162,05,05027,"Berlanas, Las"
05163,05,05087,Gotarrendura
05164,05,05175,"Oso, El"
05165,05,05036,"Bohodón, El"
05166,05,05166,San Pascual
05190,05,05195,Riofrío
05191,05,05172,Niharra
05192,05,05061,"Colilla, La"
05193,05,05902,Santa María del Cubillo
05194,05,05123,Mediana de Voltoya
05195,05,05019,Ávila
05196,05,05093,Herradón de Pinares
05197,05,05076,"Fresno, El"
05198,05,05239,Sotalbo
05200,05,05016,Arévalo
05210,05,05099,Horcajo de las Torres
05211,05,05048,Cantiveros
05212,05,05077,Fuente el Saúz
05213,05,05109,Langa
05214,05,05214,Pajares De Adaja
05215,05,05070,Donvidas
05216,05,05152,Nava de Arévalo
05217,05,05064,Constanzana
05220,05,05114,Madrigal de las Altas Torres
05229,05,05026,Bercial de Zapardiel
05230,05,05168,"Navas del Marqués, Las"
05239,05,05184,Peguerinos
05240,05,05161,Navalperal de Pinares
05250,05,05102,"Hoyo de Pinares, El"
05260,05,05057,Cebreros
05267,05,05201,San Bartolomé de Pinares
05268,05,05093,Herradón de Pinares
05270,05,05241,"Tiemblo, El"
05278,05,05022,"Barraco, El"
05279,05,05241,"Tiemblo, El"
05280,05,05128,Mingorría
05289,05,05243,Tolbaños
05290,05,05204,Sanchidrián
05291,05,05115,Maello
05292,05,05177,Pajares de Adaja
05294,05,05093,Herradón de Pinares
05296,05,05001,Adanero
05298,05,05193,Rasueros
05299,05,05034,Blasconuño de Matacabras
05300,05,05065,Crespos
05301,05,05301,Villamayor
05309,05,05062,Collado de Contreras
05310,05,05074,Fontiveros
05320,05,05049,Cardeñosa
05350,05,05220,San Pedro del Arroyo
05357,05,05017,Aveinte
05358,05,05005,Albornos
05369,05,05369,Narros Del Castillo
05370,05,05073,Flores de Ávila
05380,05,05142,Muñosancho
05400,05,05014,Arenas de San Pedro
05410,05,05132,Mombeltrán
05412,05,05207,San Esteban del Valle
05413,05,05221,Santa Cruz del Valle
05414,05,05066,Cuevas del Valle
05415,05,05100,"Hornillo, El"
05416,05,05013,"Arenal, El"
05417,05,05089,Guisando
05418,05,05014,Arenas de San Pedro
05420,05,05240,Sotillo de la Adrada
05427,05,05095,Higuera de las Dueñas
05428,05,05055,Casillas
05429,05,05055,Casillas
05430,05,05002,"Adrada, La"
05440,05,05187,Piedralaves
05450,05,05054,Casavieja
05460,05,05082,Gavilanes
05461,05,05127,Mijares
05470,05,05182,Pedro Bernardo
05480,05,05047,Candeleda
05489,05,05047,Candeleda
05490,05,05110,Lanzahíta
05491,05,05132,Mombeltrán
05492,05,05189,Poyales del Hoyo
05500,05,05186,Piedrahíta
05510,05,05225,Santa María del Berrocal
05514,05,05038,Bonilla de la Sierra
05515,05,05186,Piedrahíta
05516,05,05103,Hoyorredondo
05520,05,05176,Padiernos
05530,05,05138,Muñogalindo
05540,05,05135,Muñana
05560,05,05012,Amavida
05571,05,05151,Navacepedilla de Corneja
05580,05,05007,Aldeanueva de Santa Cruz
05591,05,05260,Villanueva del Campillo
05592,05,05228,Santiago del Collado
05593,05,05010,"Aldehuela, La"
05600,05,05021,"Barco de Ávila, El"
05610,05,05024,Becedas
05619,05,05199,San Bartolomé de Béjar
05620,05,05051,La Carrera
05621,05,05192,Puerto Castilla
05630,05,05037,Bohoyo
05631,05,05162,Navalperal de Tormes
05633,05,05901,San Juan de Gredos
05634,05,05104,Hoyos del Collado
05635,05,05165,Navarredonda de Gredos
05690,05,05037,Bohoyo
05691,05,05236,Solana de Ávila
05692,05,05112,"Losar del Barco, El"
05693,05,05085,Gil García
05694,05,05024,Becedas
05695,05,05097,"Horcajada, La"
05696,05,05214,San Lorenzo de Tormes
05697,05,05153,Nava del Barco
06001,06,06015,Badajoz
06002,06,06015,Badajoz
06003,06,06015,Badajoz
06004,06,06015,Badajoz
06005,06,06015,Badajoz
06006,06,06015,Badajoz
06007,06,06015,Badajoz
06008,06,06015,Badajoz
06009,06,06015,Badajoz
06010,06,06015,Badajoz
06011,06,06015,Badajoz
06012,06,06012,Badajoz (CP 06012)
06050,06,06050,Base Aerea Talavera Real
06070,06,06070,Badajoz (CP 06070)
06071,06,06071,Badajoz (CP 06071)
06080,06,06080,Badajoz (CP 06080)
06100,06,06095,Olivenza
06105,06,06042,Cheles
06106,06,06095,Olivenza
06107,06,06095,Olivenza
06108,06,06095,Olivenza
06109,06,06095,Olivenza
06110,06,06154,Villanueva del Fresno
06120,06,06093,Oliva de la Frontera
06129,06,06159,Zahínos
06130,06,06143,Valverde de Leganés
06131,06,06007,Alconchel
06132,06,06066,Higuera de Vargas
06133,06,06129,Táliga
06134,06,06140,Valencia del Mombuey
06140,06,06128,Talavera la Real
06150,06,06121,Santa Marta
06160,06,06016,Barcarrota
06170,06,06015,Badajoz
06171,06,06010,Almendral
06172,06,06131,Torre de Miguel Sesmero
06173,06,06092,Nogales
06174,06,06061,"Haba, La"
06175,06,06117,Salvatierra de los Barros
06176,06,06089,"Morera, La"
06177,06,06147,Valle de Matamoros
06178,06,06148,Valle de Santa Ana
06180,06,06015,Badajoz
06181,06,06015,Badajoz
06182,06,06015,Badajoz
06183,06,06015,Badajoz
06184,06,06902,Pueblonuevo del Guadiana
06185,06,06901,Valdelacalzada
06186,06,06903,Guadiana del Caudillo
06187,06,06072,Lobón
06190,06,06115,"Roca de la Sierra, La"
06191,06,06107,Puebla de Obando
06192,06,06155,Villar del Rey
06193,06,06015,Badajoz
06194,06,06015,Badajoz
06195,06,06015,Badajoz
06196,06,06040,Corte de Peleas
06197,06,06045,Entrín Bajo
06200,06,06011,Almendralejo
06207,06,06002,Aceuchal
06208,06,06152,Villalba de los Barros
06209,06,06126,Solana de los Barros
06210,06,06133,Torremejía
06220,06,06149,Villafranca de los Barros
06225,06,06113,Ribera del Fresno
06226,06,06068,Hinojosa del Valle
06227,06,06073,Llera
06228,06,06069,Hornachos
06229,06,06106,Puebla del Prior
06230,06,06122,"Santos de Maimona, Los"
06240,06,06052,Fuente de Cantos
06249,06,06027,Calzadilla de los Barros
06250,06,06020,Bienvenida
06260,06,06085,Monesterio
06270,06,06124,Segura de León
06280,06,06055,Fuentes de León
06290,06,06136,Usagre
06291,06,06086,Montemolín
06292,06,06026,Calera de León
06293,06,06024,Cabeza la Vaca
06300,06,06158,Zafra
06310,06,06108,Puebla de Sancho Pérez
06320,06,06081,Medina de las Torres
06329,06,06013,Atalaya
06330,06,06141,Valencia del Ventoso
06340,06,06050,Fregenal de la Sierra
06350,06,06067,Higuera la Real
06360,06,06054,Fuente del Maestre
06370,06,06022,Burguillos del Cerro
06378,06,06142,Valverde de Burguillos
06380,06,06070,Jerez de los Caballeros
06389,06,06070,Jerez de los Caballeros
06390,06,06049,Feria
06391,06,06071,"Lapa, La"
06392,06,06108,Puebla de Sancho Pérez
06393,06,06008,Alconera
06394,06,06021,Bodonal de la Sierra
06400,06,06044,Don Benito
06410,06,06060,Guareña
06411,06,06080,Medellín
06412,06,06044,Don Benito
06413,06,06082,Mengabril
06415,06,06415,Yelbes
06420,06,06036,Castuera
06427,06,06087,Monterrubio de la Serena
06428,06,06018,Benquerencia de la Serena
06429,06,06018,Benquerencia de la Serena
06430,06,06160,Zalamea de la Serena
06439,06,06047,Esparragosa de la Serena
06440,06,06078,Malpartida de la Serena
06441,06,06064,Higuera de la Serena
06442,06,06112,Retamal de Llerena
06443,06,06029,Campillo de Llerena
06444,06,06139,Valencia de las Torres
06445,06,06065,Higuera de Llerena
06446,06,06446,San Cristobal De Zalamea
06450,06,06109,Quintana de la Serena
06458,06,06146,Valle de la Serena
06459,06,06028,Campanario
06460,06,06028,Campanario
06468,06,06075,Magacela
06469,06,06039,"Coronada, La"
06470,06,06060,Guareña
06473,06,06151,Villagonzalo
06474,06,06138,Valdetorres
06475,06,06094,Oliva de Mérida
06476,06,06098,Palomas
06477,06,06104,Puebla de la Reina
06478,06,06079,Manchita
06479,06,06041,Cristina
06480,06,06088,Montijo
06486,06,06090,"Nava de Santiago, La"
06487,06,06038,Cordobilla de Lácara
06488,06,06031,Carmonita
06489,06,06088,Montijo
06490,06,06103,Puebla de la Calzada
06498,06,06072,Lobón
06499,06,06088,Montijo
06500,06,06123,San Vicente de Alcántara
06510,06,06006,Alburquerque
06518,06,06037,"Codosera, La"
06519,06,06006,Alburquerque
06600,06,06023,Cabeza del Buey
06610,06,06100,Peñalsordo
06611,06,06161,Zarza-Capilla
06612,06,06030,Capilla
06613,06,06018,Benquerencia de la Serena
06614,06,06023,Cabeza del Buey
06615,06,06018,Benquerencia de la Serena
06620,06,06048,Esparragosa de Lares
06630,06,06102,Puebla de Alcocer
06640,06,06127,Talarrubias
06650,06,06125,Siruela
06655,06,06118,Sancti-Spíritus
06656,06,06057,Garlitos
06657,06,06114,Risco
06658,06,06130,Tamurejo
06659,06,06017,Baterno
06660,06,06051,Fuenlabrada de los Montes
06670,06,06063,Herrera del Duque
06678,06,06157,Villarta de los Montes
06679,06,06063,Herrera del Duque
06680,06,06035,Castilblanco
06689,06,06137,Valdecaballeros
06690,06,06056,Garbayuela
06691,06,06691,Pantano De Cijara
06692,06,06062,Helechosa de los Montes
06700,06,06153,Villanueva de la Serena
06710,06,06153,Villanueva de la Serena
06711,06,06044,Don Benito
06712,06,06153,Villanueva de la Serena
06713,06,06001,Acedera
06714,06,06061,"Haba, La"
06715,06,06111,Rena
06716,06,06156,Villar de Rena
06717,06,06044,Don Benito
06718,06,06153,Villanueva de la Serena
06719,06,06719,El Torviscal
06720,06,06153,Villanueva de la Serena
06730,06,06001,Acedera
06731,06,06091,Navalvillar de Pela
06740,06,06097,Orellana la Vieja
06750,06,06096,Orellana de la Sierra
06760,06,06091,Navalvillar de Pela
06770,06,06033,Casas de Don Pedro
06800,06,06083,Mérida
06810,06,06025,Calamonte
06820,06,06043,Don Álvaro
06830,06,06162,"Zarza, La"
06840,06,06004,Alange
06850,06,06012,Arroyo de San Serván
06860,06,06046,Esparragalejo
06870,06,06058,"Garrovilla, La"
06880,06,06132,Torremayor
06890,06,06145,Valverde de Mérida
06891,06,06084,Mirandilla
06892,06,06135,Trujillanos
06893,06,06119,San Pedro de Mérida
06894,06,06009,Aljucén
06900,06,06074,Llerena
06906,06,06105,Puebla del Maestre
06907,06,06086,Montemolín
06908,06,06086,Montemolín
06909,06,06134,Trasierra
06910,06,06059,Granja de Torrehermosa
06919,06,06101,Peraleda del Zaucejo
06920,06,06014,Azuaga
06927,06,06144,Valverde de Llerena
06928,06,06077,Malcocinado
06929,06,06014,Azuaga
06930,06,06019,Berlanga
06939,06,06076,Maguilla
06940,06,06003,Ahillones
06950,06,06150,Villagarcía de la Torre
06960,06,06034,Casas de Reina
06970,06,06110,Reina
06980,06,06053,Fuente del Arco
07001,07,07040,Palma de Mallorca
07002,07,07040,Palma de Mallorca
07003,07,07040,Palma de Mallorca
07004,07,07040,Palma de Mallorca
07005,07,07040,Palma de Mallorca
07006,07,07040,Palma de Mallorca
07007,07,07040,Palma de Mallorca
07008,07,07040,Palma de Mallorca
07009,07,07040,Palma de Mallorca
07010,07,07040,Palma de Mallorca
07011,07,07040,Palma de Mallorca
07012,07,07040,Palma de Mallorca
07013,07,07040,Palma de Mallorca
07014,07,07040,Palma de Mallorca
07015,07,07040,Palma de Mallorca
07070,07,07070,Palma De Mallorca
07071,07,07040,Palma de Mallorca
07080,07,07080,Palma De Mallorca
07100,07,07061,Sóller
07101,07,07061,Sóller
07108,07,07061,Sóller
07109,07,07025,Fornalutx
07110,07,07010,Bunyola
07120,07,07040,Palma de Mallorca
07121,07,07121,Palma De Mallorca
07122,07,07122,Universitat Illes Balears
07140,07,07047,Sencelles
07141,07,07036,Marratxí
07142,07,07053,Santa Eugènia
07143,07,07047,Sencelles
07144,07,07047,Sencelles
07150,07,07005,Andratx
07157,07,07005,Andratx
07159,07,07005,Andratx
07160,07,07005,Andratx
07170,07,07063,Valldemossa
07179,07,07018,Deià
07180,07,07011,Calvià
07181,07,07011,Calvià
07183,07,07011,Calvià
07184,07,07011,Calvià
07190,07,07007,Bañalbufar
07191,07,07007,Bañalbufar
07192,07,07021,Estellencs
07193,07,07010,Bunyola
07194,07,07045,Puigpunyent
07195,07,07045,Puigpunyent
07196,07,07011,Calvià
07198,07,07040,Palma de Mallorca
07199,07,07040,Palma de Mallorca
07200,07,07022,Felanitx
07208,07,07022,Felanitx
07209,07,07022,Felanitx
07210,07,07004,Algaida
07220,07,07004,Algaida
07230,07,07038,Montuïri
07240,07,07049,Sant Joan
07250,07,07065,Vilafranca de Bonany
07260,07,07043,Porreres
07300,07,07027,Inca
07310,07,07012,Campanet
07311,07,07009,Búger
07312,07,07034,Mancor de la Vall
07313,07,07058,Selva
07314,07,07058,Selva
07315,07,07019,Escorca
07316,07,07058,Selva
07320,07,07056,Santa Maria del Camí
07330,07,07016,Consell
07340,07,07001,Alaró
07349,07,07010,Bunyola
07350,07,07008,Binissalem
07360,07,07029,Lloseta
07369,07,07058,Selva
07400,07,07003,Alcúdia
07420,07,07044,Sa Pobla
07430,07,07030,Llubí
07440,07,07039,Muro
07450,07,07055,Santa Margalida
07458,07,07055,Santa Margalida
07459,07,07055,Santa Margalida
07460,07,07042,Pollença
07469,07,07042,Pollença
07470,07,07042,Pollença
07500,07,07033,Manacor
07509,07,07033,Manacor
07510,07,07060,Sineu
07511,07,07047,Sencelles
07518,07,07028,Lloret de Vistalegre
07519,07,07035,Maria de la Salut
07520,07,07041,Petra
07529,07,07901,Ariany
07530,07,07051,Sant Llorenç des Cardassar
07540,07,07051,Sant Llorenç des Cardassar
07550,07,07062,Son Servera
07559,07,07062,Son Servera
07560,07,07062,Son Servera
07570,07,07006,Artà
07579,07,07006,Artà
07580,07,07014,Capdepera
07589,07,07014,Capdepera
07590,07,07014,Capdepera
07600,07,07031,Llucmajor
07608,07,07040,Palma de Mallorca
07609,07,07031,Llucmajor
07610,07,07040,Palma de Mallorca
07611,07,07611,Palma De Mallorca
07620,07,07031,Llucmajor
07629,07,07004,Algaida
07630,07,07013,Campos
07638,07,07059,Ses Salines
07639,07,07013,Campos
07640,07,07059,Ses Salines
07650,07,07057,Santanyí
07659,07,07057,Santanyí
07660,07,07057,Santanyí
07669,07,07022,Felanitx
07670,07,07022,Felanitx
07680,07,07033,Manacor
07687,07,07033,Manacor
07688,07,07033,Manacor
07689,07,07033,Manacor
07690,07,07057,Santanyí
07691,07,07057,Santanyí
07700,07,07032,Mahón
07701,07,07032,Mahón
07702,07,07032,Mahón
07703,07,07032,Mahón
07710,07,07052,Sant Lluís
07711,07,07052,Sant Lluís
07712,07,07032,Mahón
07713,07,07052,Sant Lluís
07714,07,07032,Mahón
07720,07,07049,Sant Joan
07730,07,07002,Alaior
07740,07,07037,es Mercadal
07748,07,07037,es Mercadal
07749,07,07902,Es Migjorn Gran
07750,07,07023,Ferreries
07760,07,07015,Ciutadella de Menorca
07769,07,07015,Ciutadella de Menorca
07800,07,07046,Sant Antoni de Portmany
07810,07,07050,Sant Joan de Labritja
07811,07,07050,Sant Joan de Labritja
07812,07,07050,Sant Joan de Labritja
07813,07,07813,Puig De'N Valls
07814,07,07054,Santa Eulària des Riu
07815,07,07050,Sant Joan de Labritja
07816,07,07046,Sant Antoni de Portmany
07817,07,07048,Sant Josep de sa Talaia
07818,07,07048,Sant Josep de sa Talaia
07819,07,07054,Santa Eulària des Riu
07820,07,07046,Sant Antoni de Portmany
07828,07,07046,Sant Antoni de Portmany
07829,07,07048,Sant Josep de sa Talaia
07830,07,07048,Sant Josep de sa Talaia
07839,07,07048,Sant Josep de sa Talaia
07840,07,07054,Santa Eulària des Riu
07849,07,07054,Santa Eulària des Riu
07850,07,07054,Santa Eulària des Riu
07860,07,07024,Formentera
07870,07,07024,Formentera
07871,07,07024,Formentera
07872,07,07024,Formentera
08001,08,08019,Barcelona
08002,08,08019,Barcelona
08003,08,08019,Barcelona
08004,08,08019,Barcelona
08005,08,08019,Barcelona
08006,08,08019,Barcelona
08007,08,08019,Barcelona
08008,08,08019,Barcelona
08009,08,08019,Barcelona
08010,08,08019,Barcelona
08011,08,08019,Barcelona
08012,08,08019,Barcelona
08013,08,08019,Barcelona
08014,08,08019,Barcelona
08015,08,08019,Barcelona
08016,08,08019,Barcelona
08017,08,08019,Barcelona
08018,08,08019,Barcelona
08019,08,08019,Barcelona
08020,08,08019,Barcelona
08021,08,08019,Barcelona
08022,08,08019,Barcelona
08023,08,08019,Barcelona
08024,08,08019,Barcelona
08025,08,08019,Barcelona
08026,08,08019,Barcelona
08027,08,08019,Barcelona
08028,08,08019,Barcelona
08029,08,08019,Barcelona
08030,08,08019,Barcelona
08031,08,08019,Barcelona
08032,08,08019,Barcelona
08033,08,08019,Barcelona
08034,08,08019,Barcelona
08035,08,08019,Barcelona
08036,08,08019,Barcelona
08037,08,08019,Barcelona
08038,08,08019,Barcelona
08039,08,08019,Barcelona
08040,08,08019,Barcelona
08041,08,08019,Barcelona
08042,08,08019,Barcelona
08070,08,08070,Barcelona (CP 08070)
08071,08,08071,Barcelona (CP 08071)
08075,08,08075,Barcelona (CP 08075)
08080,08,08080,Barcelona (CP 08080)
08100,08,08124,Mollet del Vallès
08104,08,08124,Mollet del Vallès
08105,08,08209,Sant Fost de Campsentelles
08106,08,08256,Santa Maria de Martorelles
08107,08,08115,Martorelles
08110,08,08125,Montcada i Reixac
08120,08,08105,la Llagosta
08130,08,08260,Santa Perpètua de Mogoda
08140,08,08033,Caldes de Montbui
08146,08,08087,Gallifa
08148,08,08063,Castellolí
08150,08,08159,Parets del Vallès
08160,08,08135,Montmeló
08170,08,08136,Montornès del Vallès
08171,08,08171,Sant Cugat Del Valles
08172,08,08205,Sant Cugat del Vallès
08173,08,08205,Sant Cugat del Vallès
08174,08,08205,Sant Cugat del Vallès
08178,08,08070,Collsuspina
08180,08,08138,Moià
08181,08,08267,Sentmenat
08182,08,08210,Sant Feliu de Codines
08183,08,08055,Castellcir
08184,08,08079,l'Estany
08185,08,08108,Lliçà de Vall
08186,08,08107,Lliçà d'Amunt
08187,08,08248,Santa Eulàlia de Ronçana
08188,08,08296,Vallromanes
08189,08,08239,Sant Quirze Safaja
08190,08,08205,Sant Cugat del Vallès
08191,08,08184,Rubí
08192,08,08238,Sant Quirze del Vallès
08193,08,08266,Cerdanyola del Vallès
08194,08,08238,Sant Quirze del Vallès
08195,08,08205,Sant Cugat del Vallès
08196,08,08205,Sant Cugat del Vallès
08197,08,08205,Sant Cugat del Vallès
08198,08,08205,Sant Cugat del Vallès
08199,08,08199,Montserrat (Monestir)
08200,08,08200,Sabadell
08201,08,08187,Sabadell
08202,08,08187,Sabadell
08203,08,08187,Sabadell
08204,08,08187,Sabadell
08205,08,08187,Sabadell
08206,08,08187,Sabadell
08207,08,08187,Sabadell
08208,08,08187,Sabadell
08210,08,08252,Barberà del Vallès
08211,08,08051,Castellar del Vallès
08212,08,08223,Sant Llorenç Savall
08213,08,08167,Polinyà
08214,08,08904,Badia del Vallès
08220,08,08200,Sant Boi de Llobregat
08221,08,08279,Terrassa
08222,08,08279,Terrassa
08223,08,08279,Terrassa
08224,08,08279,Terrassa
08225,08,08279,Terrassa
08226,08,08279,Terrassa
08227,08,08279,Terrassa
08228,08,08279,Terrassa
08230,08,08120,Matadepera
08231,08,08142,la Nou de Berguedà
08232,08,08300,Viladecavalls
08233,08,08291,Vacarisses
08240,08,08113,Manresa
08241,08,08113,Manresa
08242,08,08113,Manresa
08243,08,08113,Manresa
08248,08,08248,Manresa
08250,08,08218,Sant Joan de Vilatorrada
08251,08,08062,Castellnou de Bages
08253,08,08098,Sant Salvador de Guardiola
08254,08,08113,Manresa
08255,08,08059,Castellfollit del Boix
08256,08,08002,Aguilar de Segarra
08259,08,08084,Fonollosa
08260,08,08274,Súria
08261,08,08047,Cardona
08262,08,08038,Callús
08263,08,08229,Sant Mateu de Bages
08269,08,08141,Navàs
08270,08,08140,Navarcles
08271,08,08010,Artés
08272,08,08213,Sant Fruitós de Bages
08273,08,08258,Santa Maria d'Oló
08274,08,08212,Sant Feliu Sasserra
08275,08,08034,Calders
08278,08,08139,Mura
08279,08,08012,Avinyó
08280,08,08031,Calaf
08281,08,08060,Castellfollit de Riubregós
08281,25,08060,Castellfollit de Riubregós
08282,08,08176,Pujalt
08283,08,08060,Castellfollit de Riubregós
08289,08,08297,Veciana
08290,08,08266,Cerdanyola del Vallès
08291,08,08180,Ripollet
08292,08,08076,Esparreguera
08293,08,08069,Collbató
08294,08,08025,el Bruc
08295,08,08262,Sant Vicenç de Castellet
08296,08,08053,Castellbell i el Vilar
08297,08,08061,Castellgalí
08298,08,08242,Marganell
08299,08,08179,Rellinars
08300,08,08300,Mataro
08301,08,08121,Mataró
08302,08,08121,Mataró
08303,08,08121,Mataró
08304,08,08121,Mataró
08310,08,08009,Argentona
08317,08,08153,Òrrius
08318,08,08075,Dosrius
08319,08,08075,Dosrius
08320,08,08118,"Masnou, El"
08328,08,08003,Alella
08329,08,08281,Teià
08330,08,08172,Premià de Mar
08338,08,08230,Premià de Dalt
08339,08,08214,Vilassar de Dalt
08340,08,08219,Vilassar de Mar
08348,08,08030,Cabrils
08349,08,08029,Cabrera de Mar
08350,08,08007,Arenys de Munt
08358,08,08007,Arenys de Munt
08359,08,08193,Sant Iscle de Vallalta
08360,08,08040,Canet de Mar
08370,08,08035,Calella
08380,08,08110,Malgrat de Mar
08389,08,08155,Palafolls
08390,08,08126,Montgat
08391,08,08282,Tiana
08392,08,08197,Sant Andreu de Llavaneres
08393,08,08032,Caldes d'Estrac
08394,08,08264,Sant Vicenç de Montalt
08395,08,08235,Sant Pol de Mar
08396,08,08203,Sant Cebria de Vallalta
08397,08,08163,Pineda de Mar
08398,08,08261,Santa Susanna
08400,08,08400,Granollers
08401,08,08096,Granollers
08402,08,08096,Granollers
08403,08,08096,Granollers
08404,08,08404,Granollers
08410,08,08902,Vilanova del Vallès
08415,08,08023,Bigues i Riells
08416,08,08023,Bigues i Riells
08420,08,08041,Canovelles
08430,08,08181,la Roca del Vallès
08440,08,08042,Cànoves i Samalús
08445,08,08042,Cànoves i Samalús
08450,08,08106,Llinars del Vallès
08455,08,08306,Vilalba Sasserra
08458,08,08223,Sant Llorenç Savall
08459,08,08198,Sant Antoni de Vilamajor
08460,08,08259,Santa Maria de Palautordera
08461,08,08207,Sant Esteve de Palautordera
08469,08,08081,Fogars de Montclús
08470,08,08202,Sant Celoni
08471,08,08294,Vallgorguina
08472,08,08039,Campins
08474,08,08097,Gualba
08476,08,08202,Sant Celoni
08479,08,08081,Fogars de Montclús
08480,08,08005,l'Ametlla del Vallès
08490,08,08284,Tordera
08495,08,08082,Fogars de la Selva
08500,08,08298,Vic
08503,08,08199,Sant Bartomeu del Grau
08504,08,08241,Sant Sadurní d'Osormort
08505,08,08247,Santa Eulàlia de Riuprimer
08506,08,08037,Calldetenes
08507,08,08246,Santa Eugènia de Berga
08508,08,08117,les Masies de Voltregà
08509,08,08117,les Masies de Voltregà
08510,08,08183,Roda de Ter
08511,08,08254,Santa Maria de Corcó
08512,08,08215,Sant Hipòlit de Voltregà
08513,08,08171,Prats de Lluçanès
08514,08,08109,Lluçà
08515,08,08225,Sant Martí d'Albars
08516,08,08149,Olost
08517,08,08188,Sagàs
08518,08,08151,Oristà
08519,08,08303,Vilanova de Sau
08520,08,08086,les Franqueses del Vallès
08521,08,08086,les Franqueses del Vallès
08522,08,08522,Malla
08529,08,08129,Muntanyola
08530,08,08042,Cànoves i Samalús
08540,08,08067,Centelles
08550,08,08017,Balenyà
08551,08,08283,Tona
08552,08,08278,Taradell
08553,08,08269,Seva
08554,08,08269,Seva
08559,08,08026,el Brull
08560,08,08112,Manlleu
08569,08,08254,Santa Maria de Corcó
08570,08,08285,Torelló
08571,08,08265,Sant Vicenç de Torelló
08572,08,08233,Sant Pere de Torelló
08573,08,08150,Orís
08580,08,08237,Sant Quirze de Besora
08584,08,08253,Santa Maria de Besora
08585,08,08131,Montesquiu
08586,08,08195,Sant Agustí de Lluçanès
08587,08,08004,Alpens
08588,08,08272,Sora
08589,08,08160,Perafita
08590,08,08134,Figaró-Montmany
08591,08,08170,els Prats de Rei
08592,08,08224,Sant Martí de Centelles
08593,08,08276,Tagamanent
08600,08,08022,Berga
08604,08,08057,Castell de l'Areny
08605,08,08130,Montclar
08606,08,08606,La Quar
08607,08,08216,Sant Jaume de Frontanyà
08610,08,08011,Avià
08611,08,08144,Olvan
08612,08,08132,Montmajor
08613,08,08299,Vilada
08614,08,08078,l'Espunyola
08617,08,08617,Capolat
08618,08,08618,Castellar Del Riu
08619,08,08045,Capolat
08620,08,08263,Sant Vicenç dels Horts
08629,08,08289,Torrelles de Llobregat
08630,08,08001,Abrera
08635,08,08208,Sant Esteve Sesrovires
08640,08,08147,Olesa de Montserrat
08650,08,08191,Sallent
08660,08,08018,Balsareny
08670,08,08141,Navàs
08671,08,08671,Castelladral
08672,08,08175,Puig-reig
08673,08,08308,Viver i Serrateix
08680,08,08092,Gironella
08690,08,08244,Santa Coloma de Cervelló
08691,08,08127,Monistrol de Montserrat
08692,08,08175,Puig-reig
08693,08,08050,Castellar del Riu
08694,08,08903,Sant Julià de Cerdanyola
08695,08,08016,Bagà
08696,08,08166,la Pobla de Lillet
08697,08,08190,Saldes
08698,08,08268,Cercs
08699,08,08011,Avià
08700,08,08102,Igualada
08710,08,08250,Santa Margarida de Montbui
08711,08,08143,Òdena
08712,08,08226,Sant Martí de Tous
08717,08,08008,Argençola
08718,08,08028,Cabrera d'Anoia
08719,08,08021,Bellprat
08720,08,08305,Vilafranca del Penedès
08729,08,08058,Castellet i la Gornal
08730,08,08251,Santa Margarida i els Monjos
08731,08,08227,Sant Martí Sarroca
08732,08,08065,Castellví de la Marca
08733,08,08164,el Pla del Penedès
08734,08,08145,Olèrdola
08735,08,08304,Vilobí del Penedès
08736,08,08085,Font-rubí
08737,08,08288,Torrelles de Foix
08738,08,08168,Pontons
08739,08,08273,Subirats
08740,08,08196,Sant Andreu de la Barca
08750,08,08123,Molins de Rei
08753,08,08157,Pallejà
08754,08,08158,el Papiol
08755,08,08054,Castellbisbal
08756,08,08905,la Palma de Cervelló
08757,08,08072,Corbera de Llobregat
08758,08,08068,Cervelló
08759,08,08295,Vallirana
08760,08,08114,Martorell
08769,08,08066,Castellví de Rosanes
08770,08,08202,Sant Celoni
08773,08,08122,Mediona
08775,08,08287,Torrelavit
08776,08,08232,Sant Pere de Riudebitlles
08777,08,08236,Sant Quintí de Mediona
08779,08,08104,la Llacuna
08780,08,08157,Pallejà
08781,08,08162,els Hostalets de Pierola
08782,08,08119,Masquefa
08783,08,08119,Masquefa
08784,08,08161,Piera
08785,08,08292,Vallbona d'Anoia
08786,08,08044,Capellades
08787,08,08152,Orpí
08788,08,08302,Vilanova del Camí
08789,08,08286,la Torre de Claramunt
08790,08,08091,Gelida
08791,08,08222,Sant Llorenç d'Hortons
08792,08,08094,la Granada
08793,08,08013,Avinyonet del Penedès
08794,08,08027,les Cabanyes
08795,08,08146,Olesa de Bonesvalls
08796,08,08154,Pacs del Penedès
08797,08,08174,Puigdàlber
08798,08,08013,Avinyonet del Penedès
08799,08,08145,Olèrdola
08800,08,08307,Vilanova i la Geltrú
08805,08,08805,Sabadell
08810,08,08231,Sant Pere de Ribes
08811,08,08043,Canyelles
08812,08,08231,Sant Pere de Ribes
08818,08,08148,Olivella
08820,08,08169,el Prat de Llobregat
08830,08,08200,Sant Boi de Llobregat
08840,08,08301,Viladecans
08849,08,08204,Sant Climent de Llobregat
08850,08,08089,Gavà
08859,08,08020,Begues
08860,08,08056,Castelldefels
08870,08,08270,Sitges
08871,08,08270,Sitges
08872,08,08872,Vallcarca (Sitges)
08880,08,08074,Cubelles
08900,08,08900,"Hospitalet De Llobregat, L'"
08901,08,08101,l'Hospitalet de Llobregat
08902,08,08101,l'Hospitalet de Llobregat
08903,08,08101,l'Hospitalet de Llobregat
08904,08,08101,l'Hospitalet de Llobregat
08905,08,08101,l'Hospitalet de Llobregat
08906,08,08101,l'Hospitalet de Llobregat
08907,08,08101,l'Hospitalet de Llobregat
08908,08,08101,l'Hospitalet de Llobregat
08910,08,08910,Badalona
08911,08,08015,Badalona
08912,08,08015,Badalona
08913,08,08015,Badalona
08914,08,08015,Badalona
08915,08,08015,Badalona
08916,08,08015,Badalona
08917,08,08015,Badalona
08918,08,08015,Badalona
08920,08,08920,Santa Coloma De Gramenet
08921,08,08245,Santa Coloma de Gramenet
08922,08,08245,Santa Coloma de Gramenet
08923,08,08245,Santa Coloma de Gramenet
08924,08,08245,Santa Coloma de Gramenet
08930,08,08194,Sant Adrià de Besòs
08940,08,08073,Cornellà de Llobregat
08950,08,08077,Esplugues de Llobregat
08960,08,08221,Sant Just Desvern
08970,08,08217,Sant Joan Despí
08980,08,08211,Sant Feliu de Llobregat
09001,09,09059,Burgos
09002,09,09059,Burgos
09003,09,09059,Burgos
09004,09,09372,Sotragero
09005,09,09059,Burgos
09006,09,09059,Burgos
09007,09,09059,Burgos
09070,09,09070,Burgos (CP 09070)
09071,09,09071,Burgos (CP 09071)
09080,09,09080,Burgos (CP 09080)
09100,09,09211,Melgar de Fernamental
09107,09,09024,Arenillas de Riopisuerga
09108,09,09088,Castrillo de Riopisuerga
09109,09,09363,Sasamón
09110,09,09091,Castrojeriz
09118,09,09118,Villaquiran De Los Infantes
09119,09,09455,Villaquirán de la Puebla
09120,09,09427,Villadiego
09121,09,09211,Melgar de Fernamental
09123,09,09363,Sasamón
09124,09,09427,Villadiego
09125,09,09427,Villadiego
09126,09,09045,Basconcillos del Tozo
09127,09,09415,Valle de Valdelucio
09128,09,09473,Villegas
09129,09,09427,Villadiego
09130,09,09377,Tardajos
09131,09,09259,Pedrosa de Río Úrbel
09133,09,09382,Tobar
09135,09,09373,Sotresgudo
09136,09,09373,Sotresgudo
09140,09,09287,Quintanaortuño
09141,09,09001,Abajas
09142,09,09906,Merindad de Río Ubierna
09143,09,09361,Sargentes de la Lora
09144,09,09361,Sargentes de la Lora
09145,09,09361,Sargentes de la Lora
09146,09,09014,"Altos, Los"
09150,09,09902,Valle de Santibáñez
09159,09,09902,Valle de Santibáñez
09191,09,09471,Villayerno Morquillas
09192,09,09059,Burgos
09193,09,09074,Cardeñajimeno
09194,09,09030,"Ausines, Los"
09195,09,09023,Arcos
09196,09,09196,Quintanilleja
09197,09,09372,Sotragero
09198,09,09177,Ibeas de Juarros
09199,09,09044,Barrios de Colina
09200,09,09219,Miranda de Ebro
09210,09,09412,Valle de Tobalina
09211,09,09134,Frías
09212,09,09213,Merindad de Cuesta-Urria
09213,09,09394,Trespaderne
09214,09,09054,Bozoó
09215,09,09109,Condado de Treviño
09216,09,09109,Condado de Treviño
09217,09,09109,Condado de Treviño
09218,09,09109,Condado de Treviño
09219,09,09347,Santa Gadea del Cid
09220,09,09250,Pampliega
09221,09,09221,Herrera
09226,09,09041,Barrio de Muñó
09227,09,09079,Castellanos de Castro
09228,09,09275,Presencio
09230,09,09125,Estépar
09233,09,09011,Alfoz de Bricia
09239,09,09023,Arcos
09240,09,09056,Briviesca
09244,09,09060,Busto de Bureba
09245,09,09052,Berzosa de Bureba
09246,09,09272,Poza de la Sal
09247,09,09143,Galbarros
09248,09,09076,Carrias
09249,09,09230,Navas de Bureba
09250,09,09220,Miraveche
09251,09,09115,Cubo de Bureba
09252,09,09220,Miraveche
09253,09,09253,Cascajares De Bureba
09257,09,09431,Villafranca Montes de Oca
09258,09,09083,Castil de Peones
09259,09,09046,Bascuñana
09260,09,09274,Pradoluengo
09267,09,09048,Belorado
09268,09,09433,Villagalijo
09269,09,09303,Rábanos
09270,09,09098,Cerezo de Río Tirón
09271,09,09298,Quintanilla San García
09272,09,09132,Fresno de Río Tirón
09280,09,09077,Cascajares de Bureba
09285,09,09410,Valle de Mena
09290,09,09133,Fresno de Rodilla
09292,09,09027,Arraya de Oca
09293,09,09219,Miranda de Ebro
09294,09,09109,Condado de Treviño
09300,09,09321,Roa
09310,09,09464,Villatuelda
09311,09,09235,Olmedillo de Roa
09312,09,09017,Anguix
09313,09,09313,Anguix
09314,09,09256,Pedrosa de Duero
09315,09,09136,Fuentecén
09316,09,09051,Berlangas de Roa
09317,09,09199,Mambrilla de Castrejón
09318,09,09138,Fuentelisendo
09319,09,09319,La Cueva De Roa
09320,09,09108,Cogollos
09338,09,09418,Valles de Palenzuela
09339,09,09443,Villamayor de los Montes
09340,09,09194,Lerma
09341,09,09194,Lerma
09342,09,09350,Santa María del Campo
09343,09,09437,Villahoz
09344,09,09432,Villafruela
09345,09,09325,Royuela de Río Franco
09346,09,09113,Covarrubias
09347,09,09113,Covarrubias
09348,09,09094,Cebrecos
09349,09,09294,Quintanilla de la Mata
09350,09,09061,Cabañes de Esgueva
09351,09,09030,"Ausines, Los"
09352,09,09114,Cubillo del Campo
09353,09,09352,Santa María del Mercadillo
09354,09,09270,Pinilla Trasmonte
09360,09,09360,Venta De Guimara
09370,09,09018,Aranda de Duero
09390,09,09197,Madrigalejo del Monte
09391,09,09085,Castrillo de la Vega
09400,09,09018,Aranda de Duero
09410,09,09112,Coruña del Conde
09430,09,09174,Huerta de Rey
09440,09,09369,Sotillo de la Ribera
09441,09,09369,Sotillo de la Ribera
09442,09,09380,Terradillos de Esgueva
09443,09,09152,Gumiel de Mercado
09450,09,09018,Aranda de Duero
09451,09,09064,Caleruega
09453,09,09396,Tubilla del Lago
09454,09,09279,Quemada
09460,09,09218,Milagros
09461,09,09140,Fuentenebro
09462,09,09253,Pardilla
09463,09,09155,Haza
09471,09,09137,Fuentelcésped
09490,09,09261,Peñaranda de Duero
09491,09,09400,Vadocondes
09493,09,09065,Campillo de Aranda
09500,09,09209,Medina de Pomar
09510,09,09908,Valle de Losa
09511,09,09050,Berberana
09512,09,09209,Medina de Pomar
09513,09,09209,Medina de Pomar
09514,09,09209,Medina de Pomar
09515,09,09209,Medina de Pomar
09530,09,09238,Oña
09540,09,09394,Trespaderne
09549,09,09394,Trespaderne
09550,09,09903,Villarcayo de Merindad de Castilla la Vieja
09551,09,09014,"Altos, Los"
09553,09,09903,Villarcayo de Merindad de Castilla la Vieja
09554,09,09903,Villarcayo de Merindad de Castilla la Vieja
09555,09,09903,Villarcayo de Merindad de Castilla la Vieja
09556,09,09903,Villarcayo de Merindad de Castilla la Vieja
09557,09,09215,Merindad de Sotoscueva
09558,09,09903,Villarcayo de Merindad de Castilla la Vieja
09559,09,09217,Merindad de Valdivielso
09560,09,09124,Espinosa de los Monteros
09566,09,09124,Espinosa de los Monteros
09567,09,09215,Merindad de Sotoscueva
09568,09,09215,Merindad de Sotoscueva
09569,09,09214,Merindad de Montija
09570,09,09025,Arija
09571,09,09011,Alfoz de Bricia
09572,09,09011,Alfoz de Bricia
09573,09,09216,Merindad de Valdeporres
09574,09,09216,Merindad de Valdeporres
09580,09,09410,Valle de Mena
09585,09,09410,Valle de Mena
09586,09,09410,Valle de Mena
09587,09,09410,Valle de Mena
09588,09,09410,Valle de Mena
09589,09,09250,Pampliega
09591,09,09904,Valle de las Navas
09592,09,09001,Abajas
09593,09,09244,Padrones de Bureba
09594,09,09213,Merindad de Cuesta-Urria
09600,09,09330,Salas de los Infantes
09610,09,09105,Ciruelos de Cervera
09611,09,09450,Villanueva de Carazo
09612,09,09201,Mamolar
09613,09,09038,Barbadillo del Mercado
09614,09,09173,Huerta de Arriba
09615,09,09226,Monterrubio de la Demanda
09616,09,09378,Tejada
09617,09,09356,Santibáñez del Val
09618,09,09356,Santibáñez del Val
09619,09,09163,Hontoria del Pinar
09620,09,09315,Revillarruz
09640,09,09078,Cascajares de la Sierra
09641,09,09119,Cuevas de San Clemente
09642,09,09030,"Ausines, Los"
09645,09,09388,Torrelara
09646,09,09476,Villoruebo
09647,09,09314,Revilla del Campo
09649,09,09381,Tinieblas de la Sierra
09650,09,09430,Villaespasa
09651,09,09191,Jurisdicción de Lara
09652,09,09449,Villanueva de Argaño
09653,09,09181,Isar
09654,09,09181,Isar
09660,09,09163,Hontoria del Pinar
09670,09,09289,Quintanar de la Sierra
09679,09,09232,Neila
09680,09,09246,Palacios de la Sierra
09690,09,09425,Vilviestre del Pinar
09691,09,09225,Moncalvillo
09692,09,09067,Canicosa de la Sierra
09693,09,09309,Regumiel de la Sierra
10001,10,10037,Cáceres
10002,10,10037,Cáceres
10003,10,10037,Cáceres
10004,10,10037,Cáceres
10005,10,10037,Cáceres
10070,10,10070,Cáceres (CP 10070)
10071,10,10071,Cáceres (CP 10071)
10080,10,10080,Cáceres (CP 10080)
10100,10,10121,Miajadas
10109,10,10121,Miajadas
10110,10,10112,Madrigalejo
10120,10,10109,Logrosán
10126,10,10126,Solana De Cabañas
10129,10,10029,Berzocana
10130,10,10219,Zorita
10131,10,10201,Valdemorales
10132,10,10020,Almoharín
10133,10,10073,Escurial
10134,10,10043,Campo Lugar
10135,10,10009,Alcollarín
10136,10,10044,Cañamero
10137,10,10017,Alía
10140,10,10087,Guadalupe
10150,10,10150,Centro Militar Santa Ana
10160,10,10010,Alcuéscar
10161,10,10023,Arroyomolinos
10162,10,10052,Casas de Don Antonio
10163,10,10012,Aldea del Cano
10164,10,10037,Cáceres
10170,10,10126,Montánchez
10180,10,10198,Valdefuentes
10181,10,10177,Sierra de Fuentes
10182,10,10193,Torreorgaz
10183,10,10194,Torrequemada
10184,10,10192,Torremocha
10185,10,10027,Benquerencia
10186,10,10188,Torre de Santa María
10187,10,10007,Albalá
10188,10,10188,Botija
10189,10,10161,Ruanes
10190,10,10049,Casar de Cáceres
10191,10,10170,Santiago del Campo
10192,10,10098,Hinojal
10193,10,10178,Talaván
10194,10,10125,Monroy
10195,10,10037,Cáceres
10198,10,10168,Santa Marta de Magasca
10199,10,10037,Cáceres
10200,10,10195,Trujillo
10210,10,10113,Madroñera
10220,10,10195,Trujillo
10230,10,10092,Herguijuela
10240,10,10066,Conquista de la Sierra
10250,10,10077,Garciaz
10251,10,10011,Aldeacentenera
10252,10,10186,Torrecillas de la Tiesa
10260,10,10166,Santa Cruz de la Sierra
10261,10,10158,Robledillo de Trujillo
10262,10,10002,Abertura
10263,10,10209,Villamesías
10269,10,10158,Robledillo de Trujillo
10270,10,10069,"Cumbre, La"
10271,10,10149,Plasenzuela
10272,10,10272,Ruanes
10280,10,10102,Ibahernando
10290,10,10195,Trujillo
10291,10,10013,"Aldea del Obispo, La"
10292,10,10195,Trujillo
10300,10,10131,Navalmoral de la Mata
10310,10,10180,Talayuela
10317,10,10065,Collado de la Vera
10318,10,10905,Pueblonuevo de Miramontes
10319,10,10180,Talayuela
10320,10,10030,Bohonal de Ibor
10328,10,10075,Fresnedoso de Ibor
10329,10,10197,Valdecañas de Tajo
10330,10,10213,Villar del Pedroso
10331,10,10048,Carrascalejo
10332,10,10197,Valdecañas de Tajo
10333,10,10083,Garvín
10334,10,10141,Peraleda de San Román
10335,10,10140,Peraleda de la Mata
10340,10,10060,Castañar de Ibor
10341,10,10132,Navalvillar de Ibor
10350,10,10019,Almaraz
10359,10,10097,Higuera
10360,10,10057,Casas de Miravete
10370,10,10093,Hernán-Pérez
10371,10,10159,Robledollano
10372,10,10033,Cabañas del Castillo
10373,10,10033,Cabañas del Castillo
10374,10,10134,Navezuelas
10380,10,10103,Jaraicejo
10390,10,10173,Saucedilla
10391,10,10901,Rosalejo
10392,10,10028,Berrocalejo
10393,10,10199,Valdehúncar
10394,10,10026,Belvís de Monroy
10396,10,10396,Central Nuclear De Almaraz
10400,10,10104,Jaraíz de la Vera
10410,10,10022,Arroyomolinos de la Vera
10411,10,10138,Pasarón de la Vera
10412,10,10079,Garganta la Olla
10413,10,10191,Torremenga
10414,10,10065,Collado de la Vera
10420,10,10181,Tejeda de Tiétar
10430,10,10068,Cuacos de Yuste
10440,10,10014,Aldeanueva de la Vera
10450,10,10105,Jarandilla de la Vera
10459,10,10091,Guijo de Santa Bárbara
10460,10,10110,Losar de la Vera
10470,10,10212,Villanueva de la Vera
10480,10,10111,Madrigal de la Vera
10490,10,10212,Villanueva de la Vera
10491,10,10179,Talaveruela de la Vera
10492,10,10206,Viandar de la Vera
10493,10,10157,Robledillo de la Vera
10500,10,10203,Valencia de Alcántara
10510,10,10169,Santiago de Alcántara
10511,10,10046,Carbajo
10512,10,10094,Herrera de Alcántara
10513,10,10062,Cedillo
10514,10,10203,Valencia de Alcántara
10515,10,10203,Valencia de Alcántara
10516,10,10203,Valencia de Alcántara
10519,10,10203,Valencia de Alcántara
10520,10,10182,Toril
10521,10,10521,Toril
10528,10,10176,Serrejón
10529,10,10114,Majadas
10530,10,10175,Serradilla
10540,10,10123,Mirabel
10550,10,10018,Aliseda
10560,10,10095,Herreruela
10570,10,10162,Salorino
10580,10,10119,Membrío
10590,10,10116,Malpartida de Plasencia
10591,10,10182,Toril
10592,10,10056,Casas de Millán
10600,10,10148,Plasencia
10610,10,10035,Cabezuela del Valle
10611,10,10183,Tornavacas
10612,10,10107,Jerte
10613,10,10130,Navaconcejo
10614,10,10196,Valdastillas
10615,10,10147,Piornal
10616,10,10054,Casas del Castañar
10617,10,10184,"Torno, El"
10620,10,10041,Caminomorisco
10623,10,10041,Caminomorisco
10624,10,10108,Ladrillar
10625,10,10108,Ladrillar
10626,10,10135,Nuñomoral
10627,10,10135,Nuñomoral
10628,10,10051,Casares de las Hurdes
10629,10,10041,Caminomorisco
10630,10,10041,Caminomorisco
10638,10,10146,Pinofranqueado
10639,10,10146,Pinofranqueado
10640,10,10050,Casar de Palomero
10649,10,10050,Casar de Palomero
10650,10,10006,Ahigal
10660,10,10136,Oliva de Plasencia
10661,10,10167,Santa Cruz de Paniagua
10662,10,10117,Marchagaz
10663,10,10063,Cerezo
10664,10,10124,Mohedas de Granadilla
10665,10,10090,Guijo de Granadilla
10666,10,10172,Santibáñez el Bajo
10667,10,10136,Oliva de Plasencia
10670,10,10047,Carcaboso
10671,10,10016,Aldehuela de Jerte
10672,10,10202,Valdeobispo
10680,10,10116,Malpartida de Plasencia
10690,10,10903,Alagón del Río
10691,10,10076,Galisteo
10692,10,10089,Guijo de Galisteo
10693,10,10155,Riolobos
10694,10,10182,Toril
10695,10,10175,Serradilla
10696,10,10081,Gargüera
10697,10,10181,Tejeda de Tiétar
10700,10,10096,Hervás
10710,10,10216,Zarza de Granadilla
10711,10,10086,"Granja, La"
10712,10,10090,Guijo de Granadilla
10720,10,10214,Villar de Plasencia
10728,10,10106,Jarilla
10729,10,10034,Cabezabellosa
10730,10,10055,Casas del Monte
10739,10,10174,Segura de Toro
10740,10,10015,Aldeanueva del Camino
10748,10,10001,Abadía
10749,10,10080,Gargantilla
10750,10,10024,Baños de Montemayor
10759,10,10078,"Garganta, La"
10800,10,10067,Coria
10810,10,10198,Valdefuentes
10811,10,10067,Coria
10812,10,10211,Villanueva de la Sierra
10813,10,10152,Pozuelo de Zarzón
10814,10,10207,Villa del Campo
10815,10,10088,Guijo de Coria
10816,10,10053,Casas de Don Gómez
10817,10,10040,Calzadilla
10818,10,10053,Casas de Don Gómez
10820,10,10045,Cañaveral
10828,10,10151,Portezuelo
10829,10,10099,Holguera
10830,10,10189,Torrejoncillo
10839,10,10189,Torrejoncillo
10840,10,10128,Moraleja
10848,10,10902,Vegaviana
10849,10,10084,Gata
10850,10,10100,Hoyos
10857,10,10003,Acebo
10858,10,10215,Villasbuenas de Gata
10859,10,10171,Santibáñez el Alto
10860,10,10084,Gata
10864,10,10187,Torre de Don Miguel
10865,10,10039,Cadalso
10866,10,10071,Descargamaría
10867,10,10156,Robledillo de Gata
10868,10,10093,Hernán-Pérez
10869,10,10185,Torrecilla de los Ángeles
10870,10,10061,Ceclavín
10879,10,10004,Acehúche
10880,10,10084,Gata
10881,10,10038,Cachorrilla
10882,10,10143,Pescueza
10883,10,10150,Portaje
10890,10,10205,Valverde del Fresno
10891,10,10072,Eljas
10892,10,10164,San Martín de Trevejo
10893,10,10210,Villamiel
10894,10,10210,Villamiel
10895,10,10064,Cilleros
10896,10,10142,Perales del Puerto
10900,10,10021,Arroyo de la Luz
10910,10,10115,Malpartida de Cáceres
10930,10,10133,Navas del Madroño
10940,10,10082,Garrovillas de Alconétar
10950,10,10032,Brozas
10960,10,10208,Villa del Rey
10970,10,10118,Mata de Alcántara
10980,10,10008,Alcántara
10990,10,10008,Alcántara
10991,10,10145,Piedras Albas
11001,11,11012,Cádiz
11002,11,11012,Cádiz
11003,11,11012,Cádiz
11004,11,11012,Cádiz
11005,11,11012,Cádiz
11006,11,11012,Cádiz
11007,11,11012,Cádiz
11008,11,11012,Cádiz
11009,11,11012,Cádiz
11010,11,11012,Cádiz
11011,11,11012,Cádiz
11012,11,11012,Cádiz
11070,11,11070,Cádiz (CP 11070)
11071,11,11071,Cádiz (CP 11071)
11080,11,11080,Cádiz (CP 11080)
11100,11,11031,San Fernando
11110,11,11110,San Fernando Naval
11120,11,11120,Campo Soto
11130,11,11015,Chiclana de la Frontera
11138,11,11138,Pinar De Los Franceses
11139,11,11015,Chiclana de la Frontera
11140,11,11014,Conil de la Frontera
11149,11,11014,Conil de la Frontera
11150,11,11007,Barbate
11158,11,11039,Vejer de la Frontera
11159,11,11007,Barbate
11160,11,11007,Barbate
11170,11,11023,Medina-Sidonia
11178,11,11025,Paterna de Rivera
11179,11,11023,Medina-Sidonia
11180,11,11001,Alcalá de los Gazules
11190,11,11901,Benalup-Casas Viejas
11200,11,11200,Algeciras
11201,11,11004,Algeciras
11202,11,11004,Algeciras
11203,11,11004,Algeciras
11204,11,11004,Algeciras
11205,11,11004,Algeciras
11206,11,11004,Algeciras
11207,11,11004,Algeciras
11270,11,11270,Algeciras
11271,11,11271,Algeciras
11280,11,11280,Algeciras
11300,11,11022,"Línea de la Concepción, La"
11310,11,11033,San Roque
11311,11,11033,San Roque
11312,11,11033,San Roque
11313,11,11033,San Roque
11314,11,11033,San Roque
11315,11,11315,Santa Margarita
11316,11,11316,La Alcaidesa
11320,11,11021,Jimena de la Frontera
11330,11,11021,Jimena de la Frontera
11339,11,11021,Jimena de la Frontera
11340,11,11021,Jimena de la Frontera
11349,11,11349,Montenegral Alto
11350,11,11013,Castellar de la Frontera
11351,11,11351,Almoraima
11360,11,11033,San Roque
11368,11,11033,San Roque
11369,11,11033,San Roque
11370,11,11008,"Barrios, Los"
11379,11,11008,"Barrios, Los"
11380,11,11035,Tarifa
11390,11,11004,Algeciras
11391,11,11004,Algeciras
11392,11,11035,Tarifa
11393,11,11007,Barbate
11400,11,11020,Jerez de la Frontera
11401,11,11020,Jerez de la Frontera
11402,11,11020,Jerez de la Frontera
11403,11,11020,Jerez de la Frontera
11404,11,11020,Jerez de la Frontera
11405,11,11020,Jerez de la Frontera
11406,11,11020,Jerez de la Frontera
11407,11,11020,Jerez de la Frontera
11408,11,11020,Jerez de la Frontera
11470,11,11470,Jerez De La Frontera
11471,11,11471,Jerez De La Frontera
11480,11,11480,Jerez De La Frontera
11500,11,11027,"Puerto de Santa María, El"
11510,11,11028,Puerto Real
11518,11,11028,Puerto Real
11519,11,11028,Puerto Real
11520,11,11010,Bornos
11530,11,11530,Rota Naval
11540,11,11032,Sanlúcar de Barrameda
11549,11,11032,Sanlúcar de Barrameda
11550,11,11016,Chipiona
11560,11,11037,Trebujena
11570,11,11020,Jerez de la Frontera
11574,11,11574,Jerez De La Frontera
11579,11,11020,Jerez de la Frontera
11580,11,11902,San José del Valle
11590,11,11020,Jerez de la Frontera
11591,11,11020,Jerez de la Frontera
11592,11,11020,Jerez de la Frontera
11593,11,11020,Jerez de la Frontera
11594,11,11020,Jerez de la Frontera
11595,11,11020,Jerez de la Frontera
11596,11,11020,Jerez de la Frontera
11600,11,11038,Ubrique
11610,11,11019,Grazalema
11611,11,11040,Villaluenga del Rosario
11612,11,11009,Benaocaz
11620,11,11006,Arcos de la Frontera
11630,11,11006,Arcos de la Frontera
11638,11,11006,Arcos de la Frontera
11639,11,11003,Algar
11640,11,11010,Bornos
11648,11,11017,Espera
11649,11,11010,Bornos
11650,11,11041,Villamartín
11659,11,11029,Puerto Serrano
11660,11,11026,Prado del Rey
11670,11,11011,"Bosque, El"
11679,11,11019,Grazalema
11680,11,11005,Algodonales
11687,11,11018,"Gastor, El"
11688,11,11042,Zahara
11689,11,11005,Algodonales
11690,11,11024,Olvera
11691,11,11036,Torre Alháquime
11692,11,11034,Setenil de las Bodegas
11693,11,11002,Alcalá del Valle
12001,12,12040,Castellón de la Plana/Castelló de la Plana
12002,12,12040,Castellón de la Plana/Castelló de la Plana
12003,12,12040,Castellón de la Plana/Castelló de la Plana
12004,12,12040,Castellón de la Plana/Castelló de la Plana
12005,12,12040,Castellón de la Plana/Castelló de la Plana
12006,12,12040,Castellón de la Plana/Castelló de la Plana
12070,12,12070,Castellon De La Plana/Castello De La Pla
12071,12,12071,Castellon De La Plana/Castello De La Pla
12080,12,12080,Castellon De La Plana/Castello De La Pla
12100,12,12005,"Alcora, l'"
12110,12,12005,"Alcora, l'"
12118,12,12122,"Useras/Useres, les"
12119,12,12005,"Alcora, l'"
12120,12,12072,Lucena del Cid
12121,12,12005,"Alcora, l'"
12122,12,12122,"Useras/Useres, les"
12123,12,12073,Ludiente
12124,12,12130,Villahermosa del Río
12125,12,12142,Zucaina
12126,12,12048,Cortes de Arenoso
12127,12,12048,Cortes de Arenoso
12130,12,12902,Sant Joan de Moró
12131,12,12122,"Useras/Useres, les"
12132,12,12001,Atzeneta del Maestrat
12133,12,12001,Atzeneta del Maestrat
12134,12,12025,Benafigos
12135,12,12067,Geldo
12140,12,12003,Albocàsser
12150,12,12129,Villafranca del Cid/Vilafranca
12159,12,12038,Castellfort
12160,12,12026,Benassal
12161,12,12119,"Torre d'En Besora, la"
12162,12,12134,Vilar de Canes
12163,12,12051,Culla
12164,12,12105,Sierra Engarcerán
12165,12,12014,Ares del Maestrat
12166,12,12105,Sierra Engarcerán
12170,12,12100,Sant Mateu
12179,12,12111,Tírig
12180,12,12033,Cabanes
12181,12,12029,Benlloch
12182,12,12105,Sierra Engarcerán
12183,12,12132,Vilanova d'Alcolea
12184,12,12120,"Torre d'en Doménec, la"
12185,12,12050,"Coves de Vinromà, les"
12186,12,12098,la Salzadella
12190,12,12124,Vall d'Alba
12191,12,12094,"Pobla Tornesa, la"
12192,12,12128,Vilafamés
12193,12,12124,Vall d'Alba
12194,12,12124,Vall d'Alba
12200,12,12084,Onda
12210,12,12095,Ribesalbes
12220,12,12084,Onda
12221,12,12109,Tales
12222,12,12002,Aín
12223,12,12108,Sueras/Suera
12224,12,12131,Villamalur
12225,12,12064,Fuentes de Ayódar
12230,12,12058,Espadilla
12231,12,12046,Cirat
12232,12,12118,Torrechiva
12300,12,12080,Morella
12310,12,12061,Forcall
12311,12,12087,Palanques
12312,12,12075,"Mata de Morella, la"
12313,12,12313,La Pobla D'Alcolea
12314,12,12314,Xiva De Morella
12315,12,12127,Vallibona
12316,12,12316,Hostal Nou
12317,12,12068,Herbés
12318,12,12091,Portell de Morella
12319,12,12037,Castell de Cabres
12320,12,12099,Sant Jordi
12330,12,12121,Traiguera
12340,12,12070,la Jana
12350,12,12036,Canet lo Roig
12360,12,12052,Chert/Xert
12370,12,12052,Chert/Xert
12400,12,12040,Castellón de la Plana/Castelló de la Plana
12410,12,12012,Altura
12412,12,12104,Segorbe
12413,12,12010,Almedíjar
12414,12,12125,Vall de Almonacid
12415,12,12065,Gaibiel
12420,12,12020,Barracas
12428,12,12063,Fuente la Reina
12429,12,12115,"Toro, El"
12430,12,12022,Bejís
12431,12,12114,Torás
12440,12,12043,Caudiel
12447,12,12078,Montán
12448,12,12079,Montanejos
12449,12,12088,Pavías
12450,12,12071,Jérica
12460,12,12140,Viver
12469,12,12140,Viver
12470,12,12081,Navajas
12480,12,12106,Soneja
12489,12,12107,Sot de Ferrer
12490,12,12018,Azuébar
12499,12,12056,Chóvar
12500,12,12138,Vinaròs
12510,12,12101,Sant Rafel del Maestrat
12511,12,12096,Rossell
12512,12,12096,Rossell
12513,12,12042,Catí
12520,12,12082,Nules
12526,12,12136,La Vilavella
12527,12,12016,Artana
12528,12,12057,Eslida
12529,12,12082,Nules
12530,12,12027,Benicarló
12539,12,12901,Alquerías del Niño Perdido
12540,12,12135,Vila-real
12549,12,12021,Betxí
12550,12,12009,Almazora/Almassora
12560,12,12040,Castellón de la Plana/Castelló de la Plana
12570,12,12004,Alcalà de Xivert
12578,12,12044,Cervera del Maestre
12579,12,12004,Alcalà de Xivert
12580,12,12027,Benicarló
12589,12,12034,Càlig
12590,12,12011,Almenara
12591,12,12074,"Llosa, la"
12592,12,12053,Chilches/Xilxes
12593,12,12077,Moncofa
12594,12,12085,Oropesa del Mar/Orpesa
12595,12,12033,Cabanes
12596,12,12117,Torreblanca
12597,12,12102,Santa Magdalena de Pulpis
12598,12,12089,Peníscola/Peñíscola
12599,12,12093,"Pobla de Benifassà, la"
12600,12,12126,la Vall d'Uixó
12609,12,12007,Alfondeguilla
13001,13,13034,Ciudad Real
13002,13,13034,Ciudad Real
13003,13,13034,Ciudad Real
13004,13,13034,Ciudad Real
13005,13,13034,Ciudad Real
13070,13,13070,Ciudad Real (CP 13070)
13071,13,13071,Ciudad Real (CP 13071)
13080,13,13080,Ciudad Real (CP 13080)
13100,13,13063,Piedrabuena
13107,13,13007,Alcolea de Calatrava
13108,13,13051,Luciana
13109,13,13068,Puebla de Don Rodrigo
13110,13,13049,Horcajo de los Montes
13110,06,13049,Horcajo de los Montes
13113,13,13113,El Alcornocal
13114,13,13901,"Robledo, El"
13115,13,13006,Alcoba
13116,13,13006,Alcoba
13117,13,13017,Anchuras
13118,13,13017,Anchuras
13120,13,13065,Porzuna
13128,13,13128,Las Tiñosillas
13129,13,13065,Porzuna
13130,13,13042,Fuencaliente
13140,13,13040,Fernán Caballero
13150,13,13031,Carrión de Calatrava
13160,13,13083,Torralba de Calatrava
13170,13,13019,Argamasilla de Alba
13179,13,13015,Almodóvar del Campo
13180,13,13001,Abenójar
13189,13,13015,Almodóvar del Campo
13190,13,13056,Miguelturra
13191,13,13067,"Pozuelos de Calatrava, Los"
13192,13,13015,Almodóvar del Campo
13193,13,13021,Arroba de los Montes
13194,13,13052,Malagón
13195,13,13034,Ciudad Real
13196,13,13034,Ciudad Real
13200,13,13053,Manzanares
13210,13,13097,Villarta de San Juan
13220,13,13904,Llanos del Caudillo
13230,13,13054,Membrilla
13240,13,13079,"Solana, La"
13247,13,13074,San Carlos del Valle
13248,13,13010,Alhambra
13249,13,13902,Ruidera
13250,13,13039,Daimiel
13260,13,13013,Almagro
13270,13,13013,Almagro
13279,13,13088,Valenzuela de Calatrava
13300,13,13005,Alcázar de San Juan
13310,13,13087,Valdepeñas
13320,13,13093,Villanueva de los Infantes
13326,13,13057,Montiel
13327,13,13076,Santa Cruz de los Cáñamos
13328,13,13014,Almedina
13329,13,13032,Carrizosa
13330,13,13092,Villanueva de la Fuente
13331,13,13089,Villahermosa
13332,13,13089,Villahermosa
13333,13,13043,Fuenllana
13340,13,13004,Albaladejo
13341,13,13081,Terrinches
13342,13,13069,Puebla del Príncipe
13343,13,13090,Villamanrique
13344,13,13084,Torre de Juan Abad
13345,13,13037,Cózar
13350,13,13058,Moral de Calatrava
13360,13,13045,Granátula de Calatrava
13370,13,13027,Calzada de Calatrava
13379,13,13094,Villanueva de San Carlos
13380,13,13009,Aldea del Rey
13390,13,13010,Alhambra
13391,13,13008,Alcubillas
13400,13,13011,Almadén
13410,13,13002,Agudo
13411,13,13086,Valdemanco del Esteras
13412,13,13038,Chillón
13413,13,13003,Alamillo
13414,13,13012,Almadenejos
13415,13,13015,Almodóvar del Campo
13420,13,13052,Malagón
13427,13,13036,"Cortijos, Los"
13428,13,13052,Malagón
13429,13,13052,Malagón
13430,13,13029,Cañada de Calatrava
13431,13,13095,Villar del Pozo
13432,13,13022,Ballesteros de Calatrava
13433,13,13433,Caracuel De Calatrava
13434,13,13434,Aeropuerto Central Ciudad Real
13440,13,13020,Argamasilla de Calatrava
13450,13,13024,Brazatortas
13459,13,13015,Almodóvar del Campo
13460,13,13015,Almodóvar del Campo
13470,13,13015,Almodóvar del Campo
13473,13,13001,Abenójar
13480,13,13012,Almadenejos
13490,13,13046,Guadalmez
13500,13,13071,Puertollano
13580,13,13015,Almodóvar del Campo
13590,13,13048,Hinojosas de Calatrava
13591,13,13026,Cabezarrubias del Puerto
13592,13,13055,Mestanza
13593,13,13080,Solana del Pino
13594,13,13055,Mestanza
13595,13,13091,Villamayor de Calatrava
13596,13,13015,Almodóvar del Campo
13597,13,13071,Puertollano
13598,13,13015,Almodóvar del Campo
13600,13,13005,Alcázar de San Juan
13610,13,13028,Campo de Criptana
13619,13,13903,Arenales de San Gregorio
13620,13,13061,Pedro Muñoz
13630,13,13078,Socuéllamos
13640,13,13015,Almodóvar del Campo
13650,13,13070,Puerto Lápice
13660,13,13050,"Labores, Las"
13670,13,13096,Villarrubia de los Ojos
13679,13,13018,Arenas de San Juan
13680,13,13044,Fuente el Fresno
13690,13,13005,Alcázar de San Juan
13700,13,13082,Tomelloso
13710,13,13019,Argamasilla de Alba
13720,13,13005,Alcázar de San Juan
13730,13,13077,Santa Cruz de Mudela
13739,13,13027,Calzada de Calatrava
13740,13,13085,Torrenueva
13750,13,13033,Castellar de Santiago
13760,13,13016,Almuradiel
13768,13,13098,Viso del Marqués
13770,13,13098,Viso del Marqués
13779,13,13027,Calzada de Calatrava
14001,14,14021,Cordoba
14002,14,14021,Cordoba
14003,14,14021,Cordoba
14004,14,14021,Cordoba
14005,14,14021,Cordoba
14006,14,14021,Cordoba
14007,14,14021,Cordoba
14008,14,14021,Cordoba
14009,14,14021,Cordoba
14010,14,14021,Cordoba
14011,14,14021,Cordoba
14012,14,14021,Cordoba
14013,14,14021,Cordoba
14014,14,14021,Cordoba
14029,14,14021,Cordoba
14070,14,14070,Córdoba (CP 14070)
14071,14,14067,Villafranca de Córdoba
14080,14,14080,Córdoba (CP 14080)
14100,14,14017,"Carlota, La"
14110,14,14030,Fuente Palmera
14111,14,14017,"Carlota, La"
14112,14,14030,Fuente Palmera
14113,14,14030,Fuente Palmera
14115,14,14018,"Carpio, El"
14120,14,14030,Fuente Palmera
14129,14,14036,Hornachuelos
14130,14,14033,Guadalcázar
14140,14,14065,"Victoria, La"
14150,14,14059,San Sebastián de los Ballesteros
14190,14,14010,Benamejí
14191,14,14017,"Carlota, La"
14192,14,14021,Cordoba
14193,14,14017,"Carlota, La"
14200,14,14052,Peñarroya-Pueblonuevo
14206,14,14064,Valsequillo
14207,14,14032,"Granjuela, La"
14208,14,14011,"Blázquez, Los"
14209,14,14009,Belmez
14210,14,14026,Espiel
14220,14,14026,Espiel
14230,14,14071,Villanueva del Rey
14240,14,14009,Belmez
14249,14,14009,Belmez
14250,14,14070,Villanueva del Duque
14260,14,14028,Fuente la Lancha
14270,14,14035,Hinojosa del Duque
14280,14,14008,Belalcázar
14290,14,14029,Fuente Obejuna
14297,14,14029,Fuente Obejuna
14298,14,14029,Fuente Obejuna
14299,14,14029,Fuente Obejuna
14300,14,14073,Villaviciosa de Córdoba
14310,14,14047,Obejo
14320,14,14026,Espiel
14330,14,14330,Brimz (Centro Militar)
14350,14,14021,Cordoba
14400,14,14054,Pozoblanco
14410,14,14062,Torrecampo
14412,14,14051,Pedroche
14413,14,14034,"Guijo, El"
14420,14,14067,Villafranca de Córdoba
14430,14,14001,Adamuz
14439,14,14001,Adamuz
14440,14,14016,Cardeña
14445,14,14009,Belmez
14446,14,14016,Cardeña
14447,14,14016,Cardeña
14448,14,14020,Conquista
14449,13,13015,Almodóvar del Campo
14450,14,14006,Añora
14460,14,14023,Dos Torres
14470,14,14073,Villaviciosa de Córdoba
14480,14,14003,Alcaracejos
14490,14,14072,Villaralto
14491,14,14061,Santa Eufemia
14500,14,14056,Puente Genil
14510,14,14045,Moriles
14511,14,14038,Lucena
14512,14,14056,Puente Genil
14520,14,14027,Fernán-Núñez
14530,14,14041,Montemayor
14540,14,14057,"Rambla, La"
14546,14,14060,Santaella
14547,14,14060,Santaella
14548,14,14040,Montalbán de Córdoba
14549,14,14060,Santaella
14550,14,14006,Añora
14600,14,14043,Montoro
14610,14,14001,Adamuz
14620,14,14018,"Carpio, El"
14630,14,14050,Pedro Abad
14640,14,14066,Villa del Río
14650,14,14012,Bujalance
14659,14,14012,Bujalance
14660,14,14014,Cañete de las Torres
14670,14,14063,Valenzuela
14700,14,14049,Palma del Río
14709,14,14036,Hornachuelos
14710,14,14021,Cordoba
14711,14,14021,Cordoba
14719,14,14021,Cordoba
14720,14,14005,Almodóvar del Río
14729,14,14005,Almodóvar del Río
14730,14,14053,Posadas
14739,14,14053,Posadas
14740,14,14036,Hornachuelos
14749,14,14749,San Calixto
14800,14,14055,Priego de Córdoba
14810,14,14015,Carcabuey
14811,14,14013,Cabra
14812,14,14004,Almedinilla
14813,14,14004,Almedinilla
14814,14,14055,Priego de Córdoba
14815,14,14031,Fuente-Tójar
14816,14,14015,Carcabuey
14817,14,14055,Priego de Córdoba
14820,14,14021,Cordoba
14830,14,14025,Espejo
14840,14,14019,Castro del Río
14850,14,14007,Baena
14857,14,14019,Castro del Río
14858,14,14019,Castro del Río
14859,14,14007,Baena
14860,14,14022,Doña Mencía
14870,14,14075,Zuheros
14880,14,14039,Luque
14900,14,14038,Lucena
14910,14,14010,Benamejí
14911,14,14038,Lucena
14912,14,14021,Cordoba
14913,14,14024,Encinas Reales
14914,14,14048,Palenciana
14915,14,14010,Benamejí
14920,14,14002,Aguilar de la Frontera
14930,14,14013,Cabra
14940,14,14013,Cabra
14950,14,14007,Baena
14960,14,14058,Rute
14970,14,14037,Iznájar
14978,14,14037,Iznájar
14979,14,14037,Iznájar
15001,15,15030,A Coruña
15002,15,15030,A Coruña
15003,15,15030,A Coruña
15004,15,15030,A Coruña
15005,15,15030,A Coruña
15006,15,15030,A Coruña
15007,15,15030,A Coruña
15008,15,15030,A Coruña
15009,15,15030,A Coruña
15010,15,15030,A Coruña
15011,15,15030,A Coruña
15070,15,15070,A Coruña (CP 15070)
15071,15,15071,A Coruña (CP 15071)
15080,15,15080,A Coruña (CP 15080)
15100,15,15019,Carballo
15102,15,15019,Carballo
15105,15,15019,Carballo
15106,15,15019,Carballo
15107,15,15019,Carballo
15108,15,15019,Carballo
15109,15,15019,Carballo
15110,15,15068,Ponteceso
15111,15,15043,Malpica de Bergantiños
15112,15,15043,Malpica de Bergantiños
15113,15,15043,Malpica de Bergantiños
15114,15,15068,Ponteceso
15115,15,15014,Cabana de Bergantiños
15116,15,15014,Cabana de Bergantiños
15117,15,15040,Laxe
15118,15,15040,Laxe
15119,15,15014,Cabana de Bergantiños
15121,15,15016,Camariñas
15122,15,15016,Camariñas
15123,15,15016,Camariñas
15124,15,15052,Muxía
15125,15,15052,Muxía
15126,15,15052,Muxía
15127,15,15092,Vimianzo
15128,15,15092,Vimianzo
15129,15,15092,Vimianzo
15130,15,15028,Corcubión
15137,15,15028,Corcubión
15138,15,15023,Cee
15139,15,15031,Culleredo
15140,15,15005,Arteixo
15141,15,15005,Arteixo
15142,15,15005,Arteixo
15143,15,15143,Poligono Industrial Sabon
15144,15,15005,Arteixo
15145,15,15041,"Laracha, A"
15146,15,15041,"Laracha, A"
15147,15,15029,Coristanco
15148,15,15029,Coristanco
15149,15,15014,Cabana de Bergantiños
15150,15,15092,Vimianzo
15151,15,15034,Dumbría
15152,15,15034,Dumbría
15153,15,15037,Fisterra
15154,15,15037,Fisterra
15155,15,15037,Fisterra
15160,15,15075,Sada
15165,15,15008,Bergondo
15166,15,15008,Bergondo
15167,15,15008,Bergondo
15168,15,15075,Sada
15169,15,15075,Sada
15171,15,15058,Oleiros
15172,15,15058,Oleiros
15173,15,15058,Oleiros
15174,15,15031,Culleredo
15175,15,15021,Carral
15176,15,15058,Oleiros
15177,15,15058,Oleiros
15178,15,15058,Oleiros
15179,15,15058,Oleiros
15180,15,15031,Culleredo
15181,15,15017,Cambre
15182,15,15021,Carral
15183,15,15021,Carral
15184,15,15021,Carral
15185,15,15024,Cerceda
15186,15,15024,Cerceda
15187,15,15024,Cerceda
15188,15,15024,Cerceda
15189,15,15031,Culleredo
15190,15,15030,A Coruña
15198,15,15031,Culleredo
15199,15,15031,Culleredo
15200,15,15057,Noia
15210,15,15057,Noia
15211,15,15057,Noia
15212,15,15042,Lousame
15213,15,15057,Noia
15214,15,15042,Lousame
15215,15,15042,Lousame
15216,15,15042,Lousame
15218,15,15071,Porto do Son
15220,15,15002,Ames
15229,15,15002,Ames
15230,15,15062,Outes
15236,15,15062,Outes
15237,15,15062,Outes
15238,15,15238,Asenso
15239,15,15062,Outes
15240,15,15053,Muros
15250,15,15053,Muros
15256,15,15045,Mazaricos
15258,15,15045,Mazaricos
15259,15,15053,Muros
15270,15,15023,Cee
15280,15,15013,Brión
15281,15,15074,Rois
15282,15,15074,Rois
15285,15,15285,Mouretans (Viceso-Brion)
15286,15,15062,Outes
15287,15,15062,Outes
15288,15,15062,Outes
15290,15,15053,Muros
15291,15,15053,Muros
15292,15,15020,Carnota
15293,15,15020,Carnota
15295,15,15020,Carnota
15296,15,15020,Carnota
15297,15,15034,Dumbría
15298,15,15023,Cee
15299,15,15023,Cee
15300,15,15009,Betanzos
15310,15,15032,Curtis
15313,15,15039,Irixoa
15314,15,15064,Paderne
15315,15,15050,Monfero
15316,15,15027,Coirós
15317,15,15003,Aranga
15318,15,15001,Abegondo
15319,15,15064,Paderne
15320,15,15070,"Pontes de García Rodríguez, As"
15324,15,15070,"Pontes de García Rodríguez, As"
15325,15,15070,"Pontes de García Rodríguez, As"
15326,15,15070,"Pontes de García Rodríguez, As"
15327,15,15070,"Pontes de García Rodríguez, As"
15328,15,15070,"Pontes de García Rodríguez, As"
15329,15,15070,"Pontes de García Rodríguez, As"
15330,15,15061,Ortigueira
15332,15,15061,Ortigueira
15337,15,15044,Mañón
15338,15,15061,Ortigueira
15339,15,15061,Ortigueira
15340,15,15061,Ortigueira
15347,15,15022,Cedeira
15349,15,15061,Ortigueira
15350,15,15022,Cedeira
15357,15,15022,Cedeira
15358,15,15022,Cedeira
15359,15,15022,Cedeira
15360,15,15901,Cariño
15365,15,15901,Cariño
15366,15,15901,Cariño
15367,15,15061,Ortigueira
15368,15,15061,Ortigueira
15369,15,15901,Cariño
15379,15,15032,Curtis
15380,15,15902,Oza-Cesuras
15386,15,15902,Oza-Cesuras
15387,15,15902,Oza-Cesuras
15388,15,15902,Oza-Cesuras
15389,15,15902,Oza-Cesuras
15390,15,15902,Oza-Cesuras
15391,15,15902,Oza-Cesuras
15401,15,15036,Ferrol
15402,15,15036,Ferrol
15403,15,15036,Ferrol
15404,15,15036,Ferrol
15405,15,15036,Ferrol
15406,15,15036,Ferrol
15470,15,15470,Ferrol
15471,15,15471,Ferrol
15480,15,15480,Ferrol
15490,15,15490,Ferrol
15500,15,15035,Fene
15509,15,15035,Fene
15510,15,15055,Neda
15520,15,15035,Fene
15528,15,15035,Fene
15530,15,15025,Cerdido
15540,15,15054,Narón
15541,15,15054,Narón
15542,15,15087,Valdoviño
15543,15,15087,Valdoviño
15550,15,15087,Valdoviño
15551,15,15087,Valdoviño
15552,15,15087,Valdoviño
15553,15,15087,Valdoviño
15554,15,15087,Valdoviño
15555,15,15022,Cedeira
15560,15,15076,San Sadurniño
15561,15,15076,San Sadurniño
15562,15,15076,San Sadurniño
15563,15,15049,Moeche
15564,15,15049,Moeche
15565,15,15081,"Somozas, As"
15566,15,15081,"Somozas, As"
15567,15,15081,"Somozas, As"
15568,15,15081,"Somozas, As"
15569,15,15025,Cerdido
15570,15,15054,Narón
15572,15,15054,Narón
15573,15,15054,Narón
15576,15,15076,San Sadurniño
15577,15,15054,Narón
15578,15,15054,Narón
15579,15,15055,Neda
15580,15,15076,San Sadurniño
15582,15,15070,"Pontes de García Rodríguez, As"
15590,15,15036,Ferrol
15591,15,15036,Ferrol
15592,15,15036,Ferrol
15593,15,15036,Ferrol
15594,15,15036,Ferrol
15595,15,15036,Ferrol
15596,15,15054,Narón
15597,15,15597,Doso (San Lourenzo)
15598,15,15076,San Sadurniño
15600,15,15069,Pontedeume
15607,15,15069,Pontedeume
15608,15,15069,Pontedeume
15609,15,15050,Monfero
15611,15,15015,Cabanas
15612,15,15015,Cabanas
15613,15,15018,"Capela, A"
15614,15,15069,Pontedeume
15615,15,15091,Vilarmaior
15616,15,15091,Vilarmaior
15617,15,15050,Monfero
15619,15,15050,Monfero
15620,15,15051,Mugardos
15621,15,15015,Cabanas
15622,15,15015,Cabanas
15623,15,15004,Ares
15624,15,15004,Ares
15625,15,15004,Ares
15626,15,15051,Mugardos
15627,15,15051,Mugardos
15630,15,15048,Miño
15635,15,15048,Miño
15637,15,15091,Vilarmaior
15638,15,15091,Vilarmaior
15639,15,15048,Miño
15640,15,15008,Bergondo
15650,15,15017,Cambre
15656,15,15093,Zas
15659,15,15017,Cambre
15660,15,15017,Cambre
15668,15,15017,Cambre
15669,15,15017,Cambre
15670,15,15031,Culleredo
15679,15,15017,Cambre
15680,15,15059,Ordes
15683,15,15084,Tordoia
15684,15,15059,Ordes
15685,15,15047,Mesía
15686,15,15047,Mesía
15687,15,15059,Ordes
15688,15,15060,Oroso
15689,15,15047,Mesía
15690,15,15005,Arteixo
15701,15,15078,Santiago de Compostela
15702,15,15078,Santiago de Compostela
15703,15,15078,Santiago de Compostela
15704,15,15078,Santiago de Compostela
15705,15,15078,Santiago de Compostela
15706,15,15078,Santiago de Compostela
15707,15,15078,Santiago de Compostela
15770,15,15770,Santiago De Compostela
15771,15,15771,Santiago De Compostela
15780,15,15780,Santiago De Compostela
15781,15,15781,Santiago De Compostela
15782,15,15782,Santiago De Compostela
15800,15,15046,Melide
15805,15,15046,Melide
15806,15,15083,Toques
15807,15,15090,Vilasantar
15808,15,15079,Santiso
15809,15,15046,Melide
15810,15,15006,Arzúa
15813,15,15080,Sobrado
15814,15,15080,Sobrado
15815,15,15080,Sobrado
15816,15,15010,Boimorto
15817,15,15010,Boimorto
15818,15,15010,Boimorto
15819,15,15006,Arzúa
15820,15,15078,Santiago de Compostela
15821,15,15066,"Pino, O"
15822,15,15085,Touro
15823,15,15066,"Pino, O"
15824,15,15066,"Pino, O"
15825,15,15066,"Pino, O"
15826,15,15006,Arzúa
15828,15,15085,Touro
15830,15,15056,Negreira
15837,15,15077,Santa Comba
15838,15,15056,Negreira
15839,15,15007,"Baña, A"
15840,15,15077,Santa Comba
15841,15,15077,Santa Comba
15845,15,15077,Santa Comba
15846,15,15077,Santa Comba
15847,15,15077,Santa Comba
15848,15,15077,Santa Comba
15850,15,15093,Zas
15851,15,15093,Zas
15855,15,15093,Zas
15856,15,15093,Zas
15857,15,15093,Zas
15858,15,15093,Zas
15859,15,15093,Zas
15860,15,15077,Santa Comba
15861,15,15077,Santa Comba
15862,15,15007,"Baña, A"
15863,15,15007,"Baña, A"
15864,15,15002,Ames
15865,15,15013,Brión
15866,15,15082,Teo
15870,15,15002,Ames
15871,15,15088,Val do Dubra
15872,15,15088,Val do Dubra
15873,15,15088,Val do Dubra
15874,15,15088,Val do Dubra
15880,15,15089,Vedra
15881,15,15089,Vedra
15882,15,15012,Boqueixón
15883,15,15082,Teo
15884,15,15060,Oroso
15885,15,15089,Vedra
15886,15,15082,Teo
15887,15,15066,"Pino, O"
15888,15,15060,Oroso
15890,15,15078,Santiago de Compostela
15892,15,15078,Santiago de Compostela
15893,15,15078,Santiago de Compostela
15894,15,15082,Teo
15895,15,15002,Ames
15896,15,15078,Santiago de Compostela
15897,15,15078,Santiago de Compostela
15898,15,15078,Santiago de Compostela
15899,15,15078,Santiago de Compostela
15900,15,15065,Padrón
15910,15,15065,Padrón
15911,15,15074,Rois
15912,15,15074,Rois
15913,15,15074,Rois
15914,15,15065,Padrón
15915,15,15065,Padrón
15916,15,15033,Dodro
15917,15,15065,Padrón
15920,15,15072,Rianxo
15928,15,15072,Rianxo
15930,15,15011,Boiro
15937,15,15011,Boiro
15938,15,15011,Boiro
15939,15,15011,Boiro
15940,15,15067,Pobra do Caramiñal
15948,15,15067,Pobra do Caramiñal
15949,15,15067,Pobra do Caramiñal
15959,15,15073,Ribeira
15960,15,15073,Ribeira
15965,15,15073,Ribeira
15966,15,15073,Ribeira
15967,15,15073,Ribeira
15968,15,15073,Ribeira
15969,15,15073,Ribeira
15970,15,15071,Porto do Son
15978,15,15071,Porto do Son
15979,15,15071,Porto do Son
15980,15,15065,Padrón
15981,15,15033,Dodro
15982,15,15033,Dodro
15983,15,15072,Rianxo
15984,15,15072,Rianxo
15985,15,15072,Rianxo
15990,15,15011,Boiro
15991,15,15011,Boiro
15992,15,15011,Boiro
15993,15,15073,Ribeira
15994,15,15071,Porto do Son
15995,15,15071,Porto do Son
15996,15,15071,Porto do Son
15998,15,15071,Porto do Son
15999,15,15071,Porto do Son
16001,16,16078,Cuenca
16002,16,16078,Cuenca
16003,16,16078,Cuenca
16004,16,16078,Cuenca
16070,16,16070,Cuenca (CP 16070)
16071,16,16071,Cuenca (CP 16071)
16080,16,16080,Cuenca (CP 16080)
16100,16,16236,Valverde de Júcar
16111,16,16004,Albaladejo del Cuende
16112,16,16112,Baños De Valdeganga
16113,16,16152,"Parra de las Vegas, La"
16114,16,16039,Buenache de Alarcón
16118,16,16104,Hontecillas
16120,16,16903,"Valeras, Las"
16122,16,16083,Fresneda de Altarejos
16123,16,16905,Arcas del Villar
16140,16,16245,Villalba de la Sierra
16141,16,16022,Arcos de la Sierra
16142,16,16121,"Majadas, Las"
16143,16,16122,Mariana
16144,16,16085,La Frontera
16145,16,16909,Sotorribas
16146,16,16078,Cuenca
16147,16,16122,Mariana
16150,16,16215,Tragacete
16152,16,16107,Huélamo
16160,16,16148,Palomares del Campo
16161,16,16211,Torrejoncillo del Rey
16162,16,16211,Torrejoncillo del Rey
16190,16,16023,Chillarón de Cuenca
16191,16,16023,Chillarón de Cuenca
16192,16,16040,Buenache de la Sierra
16193,16,16078,Cuenca
16194,16,16023,Chillarón de Cuenca
16195,16,16019,Altarejos
16196,16,16263,Villar de Olalla
16200,16,16134,Motilla del Palancar
16210,16,16042,Campillo de Altobuey
16211,16,16158,"Picazo, El"
16212,16,16908,Pozorrubielos de la Mancha
16214,16,16092,Gabaldón
16215,16,16017,Almodóvar del Pinar
16216,16,16081,Chumillas
16220,16,16175,Quintanar del Rey
16230,16,16251,Villanueva de la Jara
16234,16,16234,Casas De Santa Cruz
16235,16,16113,Iniesta
16236,16,16113,Iniesta
16237,16,16118,Ledaña
16238,16,16244,Villagarcía del Llano
16239,16,16066,Casasimarro
16240,16,16155,"Peral, El"
16250,16,16068,Castillejo de Iniesta
16251,16,16096,Graja de Iniesta
16260,16,16125,Minglanilla
16269,16,16157,"Pesquera, La"
16270,16,16248,Villalpardo
16280,16,16271,Villarta
16290,16,16098,"Herrumblar, El"
16300,16,16052,Cañete
16311,16,16043,Campillos-Paravientos
16312,16,16097,Henarejos
16313,16,16014,Aliaguilla
16315,16,16008,Alcalá de la Vega
16316,16,16115,Laguna del Marquesado
16317,16,16187,Salinas del Manzano
16318,16,16189,Salvacañete
16320,16,16202,Talayuelas
16321,16,16202,Talayuelas
16330,16,16117,Landete
16336,16,16194,Santa Cruz de Moya
16337,16,16135,Moya
16338,16,16062,Casas de Garcimolina
16339,16,16194,Santa Cruz de Moya
16340,16,16046,Cañada del Hoyo
16350,16,16055,Carboneras de Guadazaón
16360,16,16024,Arguisuelas
16370,16,16192,San Martín de Boniches
16371,16,16137,Narboneta
16372,16,16082,Enguídanos
16373,16,16056,Cardenete
16390,16,16146,Pajarón
16393,16,16126,Mira
16400,16,16203,Tarancón
16410,16,16106,Horcajo de Santiago
16411,16,16086,Fuente de Pedro Naharro
16412,16,16002,"Acebrón, El"
16413,16,16212,Torrubia del Campo
16414,16,16167,Pozorrubio
16415,16,16249,Villamayor de Santiago
16417,16,16100,"Hinojosos, Los"
16420,16,16016,Almendros
16421,16,16103,Hontanaya
16422,16,16216,Tresjuncos
16423,16,16145,Osa de la Vega
16430,16,16186,Saelices
16431,16,16018,Almonacid del Marquesado
16432,16,16264,Villarejo de Fuentes
16433,16,16253,Villar de Cañas
16434,16,16129,Montalbanejo
16435,16,16099,"Hinojosa, La"
16440,16,16130,Montalbo
16441,16,16101,"Hito, El"
16442,16,16269,Villares del Saz
16444,16,16073,Cervera del Llano
16452,16,16217,Tribaldos
16460,16,16027,Barajas de Melo
16461,16,16119,Leganiel
16463,16,16185,Saceda-Trasierra
16464,16,16010,Alcázar del Rey
16465,16,16108,Huelves
16470,16,16027,Barajas de Melo
16500,16,16112,Huete
16510,16,16240,Vellisca
16512,16,16041,Buendía
16520,16,16112,Huete
16521,16,16112,Huete
16522,16,16162,Portalrubio de Guadamejud
16531,16,16531,Villanueva De Guadamejud
16532,16,16112,Huete
16535,16,16246,Villalba del Rey
16537,16,16051,Cañaveruelas
16540,16,16112,Huete
16541,16,16112,Huete
16542,16,16910,Villar y Velasco
16550,16,16112,Huete
16555,16,16901,Campos del Paraíso
16600,16,16190,San Clemente
16610,16,16061,Casas de Fernando Alonso
16611,16,16064,Casas de Haro
16612,16,16065,Casas de los Pinos
16620,16,16007,"Alberca de Záncara, La"
16621,16,16195,Santa María del Campo Rus
16622,16,16159,Pinarejo
16623,16,16072,Castillo de Garcimuñoz
16630,16,16133,Mota del Cuervo
16638,16,16153,"Pedernoso, El"
16639,16,16196,Santa María de los Llanos
16640,16,16033,Belmonte
16646,16,16247,Villalgordo del Marquesado
16647,16,16243,Villaescusa de Haro
16648,16,16255,Villar de la Encina
16649,16,16058,Carrascosa de Haro
16650,16,16124,"Mesas, Las"
16660,16,16154,"Pedroñeras, Las"
16670,16,16171,"Provencio, El"
16700,16,16198,Sisante
16707,16,16060,Casas de Benítez
16708,16,16063,Casas de Guijarro
16709,16,16238,Vara de Rey
16710,16,16204,Tébar
16720,16,16047,Cañada Juncosa
16730,16,16102,Honrubia
16738,16,16049,"Cañavate, El"
16739,16,16213,Torrubia del Castillo
16740,16,16015,"Almarcha, La"
16760,16,16139,Olivares de Júcar
16770,16,16191,San Lorenzo de la Parrilla
16771,16,16266,Villarejo-Periesteban
16779,16,16034,Belmontejo
16780,16,16019,Altarejos
16781,16,16083,Fresneda de Altarejos
16800,16,16170,Priego
16812,16,16020,Arandilla del Arroyo
16813,16,16188,Salmeroncillos
16840,16,16254,Villar de Domingo García
16841,16,16005,Albalate de las Nogueras
16842,16,16209,Torralba
16843,16,16272,Villas de la Ventosa
16850,16,16050,Cañaveras
16851,16,16038,Buciegas
16852,16,16140,Olmeda de la Cuesta
16853,16,16143,Olmedilla de Eliz
16854,16,16071,Castillo-Albaráñez
16855,16,16025,Arrancacepas
16856,16,16067,Castejón
16857,16,16045,Canalejas del Arroyo
16860,16,16242,Villaconejos de Trabaque
16870,16,16035,Beteta
16878,16,16165,Poyatos
16879,16,16035,Beteta
16890,16,16053,Cañizares
16891,16,16053,Cañizares
16892,16,16053,Cañizares
16893,16,16035,Beteta
17001,17,17079,Girona
17002,17,17079,Girona
17003,17,17079,Girona
17004,17,17079,Girona
17005,17,17079,Girona
17006,17,17079,Girona
17007,17,17079,Girona
17070,17,17070,Girona (CP 17070)
17071,17,17071,Girona (CP 17071)
17080,17,17080,Girona (CP 17080)
17100,17,17022,la Bisbal d'Empordà
17110,17,17902,Forallac
17111,17,17902,Forallac
17113,17,17902,Forallac
17114,17,17205,Ullastret
17115,17,17115,Castell D'Emporda
17116,17,17901,"Cruïlles, Monells i Sant Sadurní de l'Heura"
17117,17,17901,"Cruïlles, Monells i Sant Sadurní de l'Heura"
17118,17,17901,"Cruïlles, Monells i Sant Sadurní de l'Heura"
17120,17,17130,la Pera
17121,17,17901,"Cruïlles, Monells i Sant Sadurní de l'Heura"
17123,17,17197,Torrent
17124,17,17117,Palafrugell
17130,17,17199,Torroella de Montgrí
17131,17,17153,Rupià
17132,17,17068,Foixà
17133,17,17203,Ultramort
17134,17,17195,la Tallada d'Empordà
17136,17,17004,Albons
17137,17,17210,Ventalló
17140,17,17204,Ullà
17141,17,17018,Bellcaire d'Empordà
17142,17,17211,Verges
17143,17,17085,Jafre
17144,17,17055,Colomers
17150,17,17163,Sant Gregori
17151,17,17163,Sant Gregori
17152,17,17172,Sant Martí de Llémena
17153,17,17172,Sant Martí de Llémena
17154,17,17183,Sant Aniol de Finestres
17160,17,17008,Anglès
17161,17,17116,Osor
17162,17,17020,Bescanó
17164,17,17163,Sant Gregori
17165,17,17189,la Cellera de Ter
17166,17,17194,Susqueda
17170,17,17007,Amer
17171,17,17183,Sant Aniol de Finestres
17172,17,17133,les Planes d'Hostoles
17173,17,17133,les Planes d'Hostoles
17174,17,17161,Sant Feliu de Pallerols
17175,17,17175,Sant Miquel De Pineda
17176,17,17207,la Vall d'en Bas
17177,17,17207,la Vall d'en Bas
17178,17,17139,les Preses
17179,17,17149,Riudaura
17180,17,17215,Vilablareix
17181,17,17002,Aiguaviva
17182,17,17020,Bescanó
17183,17,17233,Vilobí d'Onyar
17184,17,17233,Vilobí d'Onyar
17185,17,17233,Vilobí d'Onyar
17190,17,17155,Salt
17199,17,17040,Caner d'Adri
17200,17,17117,Palafrugell
17210,17,17117,Palafrugell
17211,17,17117,Palafrugell
17212,17,17117,Palafrugell
17213,17,17013,Begur
17214,17,17144,Regencós
17220,17,17160,Sant Feliu de Guíxols
17230,17,17118,Palamós
17240,17,17089,Llagostera
17241,17,17142,Quart
17242,17,17142,Quart
17243,17,17090,Llambilles
17244,17,17901,"Cruïlles, Monells i Sant Sadurní de l'Heura"
17245,17,17181,Santa Cristina d'Aro
17246,17,17181,Santa Cristina d'Aro
17248,17,17048,Castell-Platja d'Aro
17249,17,17048,Castell-Platja d'Aro
17250,17,17048,Castell-Platja d'Aro
17251,17,17034,Calonge
17252,17,17034,Calonge
17253,17,17209,Vall-llobrega
17255,17,17013,Begur
17256,17,17124,Pals
17257,17,17199,Torroella de Montgrí
17258,17,17199,Torroella de Montgrí
17300,17,17023,Blanes
17310,17,17095,Lloret de Mar
17320,17,17202,Tossa de Mar
17400,17,17027,Breda
17401,17,17009,Arbúcies
17402,17,17009,Arbúcies
17403,17,17164,Sant Hilari Sacalm
17404,17,17146,Riells i Viabrea
17405,17,17063,Espinelves
17406,17,17220,Viladrau
17410,17,17193,Sils
17411,17,17213,Vidreres
17412,17,17103,Maçanet de la Selva
17420,17,17193,Sils
17421,17,17148,Riudarenes
17430,17,17095,Lloret de Mar
17441,17,17028,Brunyola
17442,17,17442,Santa Creu D'Horta
17443,17,17443,Castanyet
17444,17,17444,Cladells
17445,17,17445,Sant Pere Cercada
17450,17,17083,Hostalric
17451,17,17159,Sant Feliu de Buixalleu
17452,17,17101,Massanes
17453,17,17453,Martorell De La Selva
17454,17,17157,Sant Andreu Salou
17455,17,17033,Caldes de Malavella
17456,17,17033,Caldes de Malavella
17457,17,17150,Riudellots de la Selva
17458,17,17073,Fornells de la Selva
17459,17,17038,Campllong
17460,17,17049,Celrà
17461,17,17079,Girona
17462,17,17173,Sant Martí Vell
17463,17,17068,Foixà
17464,17,17216,Viladasens
17465,17,17187,"Saus, Camallera i Llampaies"
17466,17,17076,Garrigoles
17467,17,17176,Sant Mori
17468,17,17016,Bàscara
17469,17,17005,el Far d'Empordà
17470,17,17178,Sant Pere Pescador
17472,17,17011,l'Armentera
17473,17,17210,Ventalló
17474,17,17198,Torroella de Fluvià
17475,17,17175,Sant Miquel de Fluvià
17476,17,17075,Garrigàs
17480,17,17152,Roses
17481,17,17169,Sant Julià de Ramis
17482,17,17169,Sant Julià de Ramis
17483,17,17016,Bàscara
17484,17,17066,Figueres
17485,17,17230,Vila-sacra
17486,17,17047,Castelló d'Empúries
17487,17,17047,Castelló d'Empúries
17488,17,17032,Cadaqués
17489,17,17140,el Port de la Selva
17490,17,17092,Llançà
17491,17,17132,Peralada
17492,17,17132,Peralada
17493,17,17129,Pedret i Marzà
17494,17,17128,Pau
17495,17,17120,Palau-saverdera
17496,17,17054,Colera
17497,17,17138,Portbou
17500,17,17147,Ripoll
17510,17,17510,Brucs
17512,17,17096,les Llosses
17513,17,17096,les Llosses
17514,17,17514,Palmerola
17515,17,17212,Vidrà
17520,17,17141,Puigcerdà
17527,17,17094,Llívia
17528,17,17082,Guils de Cerdanya
17529,17,17141,Puigcerdà
17530,17,17036,Campdevànol
17531,17,17036,Campdevànol
17532,17,08131,Montesquiu
17533,17,17533,Bruguera (Ayto Ribes Frese)
17534,17,17037,Campelles
17535,17,17134,Planoles
17536,17,17201,Toses
17537,17,17006,Alp
17538,17,17006,Alp
17539,17,17024,Bolvir
17600,17,17066,Figueres
17700,17,17026,Borrassà
17706,17,17135,Pont de Molins
17707,17,17014,la Vajol
17708,17,17041,Cantallops
17709,17,17086,la Jonquera
17710,17,17710,Centro Militar Sant Climent Sescebes
17720,17,17102,Maçanet de Cabrenys
17721,17,17102,Maçanet de Cabrenys
17722,17,17060,Darnius
17723,17,17029,Boadella i les Escaules
17730,17,17093,Llers
17731,17,17196,Terrades
17732,17,17171,Sant Llorenç de la Muga
17733,17,17003,Albanyà
17734,17,17003,Albanyà
17740,17,17221,Vilafant
17741,17,17051,Cistella
17742,17,17012,Avinyonet de Puigventós
17743,17,17228,Vilanant
17744,17,17111,Navata
17745,17,17088,Lladó
17746,17,17031,Cabanelles
17747,17,17031,Cabanelles
17750,17,17042,Capmany
17751,17,17158,Sant Climent Sescebes
17752,17,17106,Mollet de Peralada
17753,17,17064,Espolla
17754,17,17143,Rabós
17755,17,17143,Rabós
17760,17,17214,Vilabertran
17761,17,17030,Cabanes
17762,17,17100,Masarac
17763,17,17100,Masarac
17770,17,17026,Borrassà
17771,17,17182,Santa Llogaia d'Àlguema
17772,17,17115,Ordis
17773,17,17136,Pontós
17780,17,17077,Garriguella
17781,17,17227,Vilamaniscle
17800,17,17114,Olot
17810,17,17114,Olot
17811,17,17184,Santa Pau
17812,17,17114,Olot
17813,17,17208,la Vall de Bianya
17820,17,17015,Banyoles
17830,17,17162,Sant Ferriol
17831,17,17174,Sant Miquel de Campmajor
17832,17,17058,Crespià
17833,17,17071,Fontcoberta
17834,17,17035,Camós
17840,17,17186,Sarrià de Ter
17843,17,17123,Palol de Revardit
17844,17,17056,Cornellà de Terri
17845,17,17845,Ravos Del Terri
17846,17,17137,Porqueres
17850,17,17021,Beuda
17851,17,17098,Maià de Montcal
17852,17,17190,Serinyà
17853,17,17010,Argelaguer
17854,17,17035,Camós
17855,17,17109,Montagut i Oix
17856,17,17109,Montagut i Oix
17857,17,17185,Sant Joan les Fonts
17858,17,17208,la Vall de Bianya
17860,17,17167,Sant Joan de les Abadesses
17861,17,17112,Ogassa
17862,17,17170,Vallfogona de Ripollès
17863,17,17863,Sant Bernabe De Les Tenes
17864,17,17177,Sant Pau de Segúries
17866,17,17866,La Colonia Estevenell
17867,17,17039,Camprodon
17868,17,17107,Molló
17869,17,17192,Setcases
18001,18,18087,Granada
18002,18,18087,Granada
18003,18,18087,Granada
18004,18,18087,Granada
18005,18,18087,Granada
18006,18,18087,Granada
18007,18,18087,Granada
18008,18,18087,Granada
18009,18,18087,Granada
18010,18,18087,Granada
18011,18,18087,Granada
18012,18,18087,Granada
18013,18,18087,Granada
18014,18,18087,Granada
18015,18,18087,Granada
18016,18,18087,Granada
18070,18,18070,Granada (CP 18070)
18071,18,18071,Granada (CP 18071)
18080,18,18080,Granada (CP 18080)
18100,18,18021,Armilla
18101,18,18911,Vegas del Genil
18102,18,18911,Vegas del Genil
18110,18,18905,Las Gabias
18120,18,18013,Alhama de Granada
18125,18,18125,Ventas De Zafarraya
18126,18,18020,Arenas del Rey
18127,18,18106,Játar
18128,18,18013,Alhama de Granada
18129,18,18174,Santa Cruz del Comercio
18130,18,18072,Escúzar
18131,18,18185,Ventas de Huelma
18132,18,18001,Agrón
18140,18,18140,Motril
18150,18,18084,Gójar
18151,18,18145,Ogíjares
18152,18,18068,Dílar
18160,18,18094,Güejar Sierra
18170,18,18011,Alfacar
18179,18,18011,Alfacar
18180,18,18067,Diezma
18181,18,18063,Darro
18182,18,18087,Granada
18183,18,18099,Huétor de Santillán
18184,18,18024,Beas de Granada
18190,18,18047,Cenes de la Vega
18191,18,18157,Pinos Genil
18192,18,18070,Dúdar
18193,18,18134,Monachil
18194,18,18062,Churriana de la Vega
18195,18,18057,Cúllar Vega
18196,18,18134,Monachil
18197,18,18165,Pulianas
18198,18,18101,Huétor Vega
18199,18,18036,Cájar
18200,18,18127,Maracena
18210,18,18153,Peligros
18211,18,18050,Cogollos de la Vega
18212,18,18095,Güevéjar
18213,18,18111,Jun
18214,18,18144,Nívar
18220,18,18003,Albolote
18230,18,18022,Atarfe
18240,18,18158,Pinos Puente
18247,18,18132,Moclín
18248,18,18132,Moclín
18249,18,18132,Moclín
18250,18,18914,Valderrubio
18260,18,18102,Illora
18270,18,18135,Montefrío
18280,18,18012,Algarinejo
18290,18,18003,Albolote
18291,18,18158,Pinos Puente
18293,18,18102,Illora
18295,18,18012,Algarinejo
18300,18,18122,Loja
18310,18,18171,Salar
18311,18,18122,Loja
18312,18,14037,Iznájar
18313,18,18122,Loja
18314,18,18122,Loja
18320,18,18175,Santa Fe
18327,18,18115,Láchar
18328,18,18115,Láchar
18329,18,18061,Chimeneas
18330,18,18059,Chauchina
18339,18,18048,Cijuela
18340,18,18079,Fuente Vaqueros
18350,18,18102,Illora
18360,18,18122,Loja
18369,18,18188,Villanueva Mesía
18370,18,18138,Moraleda de Zafayona
18380,18,18102,Illora
18381,18,18102,Illora
18400,18,18147,Órgiva
18410,18,18043,Carataunas
18411,18,18151,Pampaneira
18412,18,18032,Bubión
18413,18,18042,Capileira
18414,18,18901,"Taha, La"
18415,18,18163,Pórtugos
18416,18,18033,Busquístar
18417,18,18180,Trevélez
18418,18,18140,Motril
18420,18,18116,Lanjarón
18430,18,18179,Torvizcón
18438,18,18016,Almegíjar
18439,18,18044,Cástaras
18440,18,18035,Cádiar
18448,18,18035,Cádiar
18449,18,18121,Lobras
18450,18,18904,Alpujarra de la Sierra
18451,18,18030,Bérchules
18452,18,18112,Juviles
18460,18,18904,Alpujarra de la Sierra
18470,18,18183,Válor
18480,18,18182,Ugíjar
18490,18,18141,Murtas
18491,18,18181,Turón
18492,18,18141,Murtas
18494,18,18903,Nevada
18500,18,18089,Guadix
18510,18,18027,Benalúa
18511,18,18907,Valle del Zalabí
18512,18,18069,Dólar
18513,18,18074,Ferreira
18514,18,18010,Aldeire
18515,18,18167,Purullena
18516,18,18025,Beas de Guadix
18517,18,18054,Cortes y Graena
18518,18,18005,Albuñán
18519,18,18167,Purullena
18520,18,18002,Alamedilla
18530,18,18152,Pedro Martínez
18538,18,18064,Dehesas de Guadix
18539,18,18187,Villanueva de las Torres
18540,18,18083,Gobernador
18550,18,18105,Iznalloz
18560,18,18088,Guadahortuna
18561,18,18136,Montejícar
18562,18,18159,Píñar
18563,18,18083,Gobernador
18564,18,18051,Colomera
18565,18,18038,Campotéjar
18566,18,18028,Benalúa de las Villas
18567,18,18105,Iznalloz
18568,18,18159,Píñar
18569,18,18132,Moclín
18570,18,18066,Deifontes
18600,18,18140,Motril
18610,18,18173,Salobreña
18611,18,18133,Molvízar
18612,18,18103,Itrabo
18613,18,18140,Motril
18614,18,18093,Gualchos
18615,18,18184,Vélez de Benaudalla
18616,18,18184,Vélez de Benaudalla
18620,18,18014,Alhendín
18630,18,18149,Otura
18640,18,18150,Padul
18650,18,18071,Dúrcal
18656,18,18119,Lecrín
18657,18,18143,Nigüelas
18658,18,18910,El Pina
18659,18,18007,Albuñuelas
18660,18,18910,El Pina
18670,18,18184,Vélez de Benaudalla
18680,18,18173,Salobreña
18690,18,18017,Almuñécar
18697,18,18017,Almuñécar
18698,18,18148,Otívar
18699,18,18109,Jete
18700,18,18006,Albuñol
18708,18,18004,Albondón
18710,18,18162,Polopos
18711,18,18170,Rubite
18713,18,18177,Sorvilán
18720,18,18140,Motril
18730,18,18140,Motril
18740,18,18093,Gualchos
18750,18,18162,Polopos
18760,18,18006,Albuñol
18770,18,18006,Albuñol
18800,18,18023,Baza
18810,18,18039,Caniles
18811,18,18194,Zújar
18812,18,18078,Freila
18813,18,18912,Cuevas del Campo
18814,18,18053,Cortes de Baza
18815,18,18053,Cortes de Baza
18816,18,18046,Castril
18817,18,18029,Benamaurel
18818,18,18045,Castilléjar
18820,18,18164,Puebla de Don Fadrique
18830,18,18098,Huéscar
18840,18,18082,Galera
18850,18,18056,Cúllar
18858,18,18146,Orce
18859,18,18056,Cúllar
18860,18,18023,Baza
18870,18,18085,Gor
18880,18,18089,Guadix
18890,18,18086,Gorafe
18891,18,18056,Cúllar
19001,19,19130,Guadalajara
19002,19,19130,Guadalajara
19003,19,19130,Guadalajara
19004,19,19130,Guadalajara
19005,19,19130,Guadalajara
19070,19,19070,Guadalajara (CP 19070)
19071,19,19071,Guadalajara (CP 19071)
19080,19,19130,Guadalajara
19100,19,19212,Pastrana
19110,19,19192,Mondéjar
19111,19,19327,Yebra
19112,19,19007,Albares
19113,19,19124,Fuentenovilla
19114,19,19176,Mazuecos
19115,19,19021,Almoguera
19116,19,19107,Driebes
19117,19,19006,Albalate de Zorita
19118,19,19022,Almonacid de Zorita
19119,19,19111,Escariche
19120,19,19245,Sacedón
19125,19,19009,Alcocer
19126,19,19247,Salmerón
19127,19,19005,Alarilla
19128,19,19211,Pareja
19129,19,19019,Alique
19130,19,19045,Auñón
19131,19,19045,Auñón
19132,19,19301,Valdeconcha
19133,19,19023,Alocén
19134,19,19215,Peñalver
19135,19,19041,Armuña de Tajuña
19139,19,19326,Yebes
19140,19,19143,Horche
19141,19,19297,Valdarachas
19142,19,19299,Valdeavellano
19143,19,19108,Durón
19144,19,19121,Fuentelencina
19145,19,19233,Renera
19150,19,19130,Guadalajara
19151,19,19082,Centenera
19152,19,19015,Aldeanueva de Guadalajara
19153,19,19043,Atanzón
19160,19,19105,Chiloeches
19161,19,19225,Pozo de Guadalajara
19162,19,19220,Pioz
19163,19,19163,Ciudad Residencial El Clavin
19170,19,19071,"Casar, El"
19171,19,19058,Cabanillas del Campo
19174,19,19126,Galápagos
19180,19,19171,Marchamalo
19182,19,19120,Fuentelahiguera de Albatages
19184,19,19288,Tortuero
19185,19,19071,"Casar, El"
19186,19,19102,"Cubillo de Uceda, El"
19187,19,19293,Uceda
19188,19,19188,Caraquiz (Urbanizacion)
19190,19,19274,Torija
19192,19,19290,Trijueque
19193,19,19130,Guadalajara
19196,19,19159,Ledanca
19197,19,19066,Cañizar
19198,19,19286,Tórtola de Henares
19200,19,19046,Azuqueca de Henares
19208,19,19024,Alovera
19209,19,19319,Villanueva de la Torre
19210,19,19331,Yunquera de Henares
19219,19,19167,Malaguilla
19220,19,19151,Humanes
19222,19,19262,Tamajón
19223,19,19060,Campillo de Ranas
19224,19,19060,Campillo de Ranas
19225,19,19182,"Mierla, La"
19226,19,19189,Mohernando
19227,19,19263,Taragudo
19229,19,19092,Cogolludo
19230,19,19092,Cogolludo
19237,19,19037,Arbancón
19238,19,19203,"Ordial, El"
19239,19,19092,Cogolludo
19240,19,19156,Jadraque
19242,19,19135,Hiendelaencina
19243,19,19129,Gascueña de Bornova
19244,19,19203,"Ordial, El"
19245,19,19250,Santiuste
19246,19,19156,Jadraque
19247,19,19113,Espinosa de Henares
19248,19,19138,Hita
19250,19,19257,Sigüenza
19260,19,19011,Alcolea del Pinar
19261,19,19162,Luzaga
19262,19,19257,Sigüenza
19263,19,19257,Sigüenza
19264,19,19257,Sigüenza
19265,19,19257,Sigüenza
19266,19,19257,Sigüenza
19267,19,19257,Sigüenza
19268,19,19257,Sigüenza
19269,19,19210,Paredes de Sigüenza
19270,19,19044,Atienza
19274,19,19044,Atienza
19275,19,19008,Albendiego
19276,19,19049,Bañuelos
19277,19,19010,Alcolea de las Peñas
19278,19,19052,"Bodera, La"
19280,19,19170,Maranchón
19281,19,19170,Maranchón
19283,19,19032,Anguita
19285,19,19089,Ciruelos del Pinar
19286,19,19175,Mazarete
19287,19,19115,Establés
19290,19,19117,Fontanar
19292,19,19098,Copernal
19294,19,19174,Matillas
19295,19,19147,Huérmeces del Cerro
19300,19,19190,Molina de Aragón
19310,19,19103,Checa
19311,19,19204,Orea
19312,19,19219,Pinilla de Molina
19313,19,19216,Peralejos de las Truchas
19314,19,19264,Taravilla
19315,19,19178,Megina
19320,19,19027,Alustante
19323,19,19272,Tordesilos
19324,19,19255,Setiles
19325,19,19271,Tordellego
19326,19,19222,"Pobo de Dueñas, El"
19327,19,19213,"Pedregal, El"
19328,19,19076,Castellar de la Muela
19332,19,19016,Algar de Mesa
19333,19,19265,Tartanedo
19334,19,19099,Corduente
19336,19,19209,Pardos
19337,19,19285,Torrubia
19338,19,19287,Tortuera
19339,19,19243,Rueda de la Sierra
19340,19,19237,Rillo de Gallo
19341,19,19099,Corduente
19342,19,19134,Herrería
19343,19,19099,Corduente
19344,19,19344,Aragoncillo
19345,19,19283,Torremocha del Pinar
19346,19,19254,Selas
19350,19,19190,Molina de Aragón
19351,19,19190,Molina de Aragón
19352,19,19227,Prados Redondos
19353,19,19227,Prados Redondos
19354,19,19227,Prados Redondos
19355,19,19277,Torrecuadrada de Molina
19356,19,19356,Otilla
19357,19,19034,Anquela del Pedregal
19360,19,19059,Campillo de Dueñas
19361,19,19332,"Yunta, La"
19362,19,19190,Molina de Aragón
19363,19,19190,Molina de Aragón
19390,19,19124,Fuentenovilla
19391,19,19079,Castilnuevo
19392,19,19099,Corduente
19400,19,19053,Brihuega
19411,19,19053,Brihuega
19412,19,19074,Caspueñas
19413,19,19053,Brihuega
19420,19,19086,Cifuentes
19429,19,19086,Cifuentes
19431,19,19064,Canredondo
19432,19,19001,Abánades
19441,19,19148,Huertahernando
19442,19,19002,Ablanque
19443,19,19090,Cobeta
19444,19,19333,Zaorejas
19445,19,19032,Anguita
19450,19,19291,Trillo
19458,19,19291,Trillo
19459,19,19054,Budia
19460,19,19317,Villanueva de Alcorón
19461,19,19040,Armallones
19462,19,19214,Peñalén
19463,19,19223,Poveda de la Sierra
19490,19,19004,Alaminos
19491,19,19154,"Inviernas, Las"
19492,19,19211,Pareja
19493,19,19217,Peralveche
19495,19,19333,Zaorejas
20001,20,20069,Donostia / San Sebastián
20002,20,20069,Donostia / San Sebastián
20003,20,20069,Donostia / San Sebastián
20004,20,20069,Donostia / San Sebastián
20005,20,20069,Donostia / San Sebastián
20006,20,20069,Donostia / San Sebastián
20007,20,20069,Donostia / San Sebastián
20008,20,20069,Donostia / San Sebastián
20009,20,20069,Donostia / San Sebastián
20010,20,20069,Donostia / San Sebastián
20011,20,20069,Donostia / San Sebastián
20012,20,20069,Donostia / San Sebastián
20013,20,20069,Donostia / San Sebastián
20014,20,20069,Donostia / San Sebastián
20015,20,20069,Donostia / San Sebastián
20016,20,20069,Donostia / San Sebastián
20017,20,20069,Donostia / San Sebastián
20018,20,20069,Donostia / San Sebastián
20070,20,20070,Donostia-San Sebastian
20071,20,20071,Donostia-San Sebastian
20080,20,20080,Donostia-San Sebastian
20100,20,20053,Lezo
20110,20,20064,Pasaia
20115,20,20903,Astigarraga
20120,20,20040,Hernani
20128,20,20040,Hernani
20130,20,20072,Urnieta
20140,20,20009,Andoain
20150,20,20002,Aduna
20159,20,20028,Zizurkil
20160,20,20902,Lasarte-Oria
20170,20,20073,Usurbil
20180,20,20063,Oiartzun
20200,20,20019,Beasain
20210,20,20049,Lazkao
20211,20,20015,Ataun
20212,20,20058,Olaberria
20213,20,20043,Idiazabal
20214,20,20057,Mutiloa
20215,20,20025,Zegama
20216,20,20062,Ormaiztegi
20217,20,20038,Gabiria
20218,20,20035,Ezkio-Itsaso
20220,20,20051,Legazpi
20230,20,20051,Legazpi
20240,20,20076,Ordizia
20247,20,20078,Zaldibia
20248,20,20012,Arama
20249,20,20047,Itsasondo
20250,20,20052,Legorreta
20259,20,20904,Baliarrain
20260,20,20005,Alegia
20267,20,20044,Ikaztegieta
20268,20,20008,Amezketa
20269,20,20001,Abaltzisketa
20270,20,20010,Anoeta
20271,20,20046,Irura
20280,20,20036,Hondarribia
20300,20,20300,Irun
20301,20,20045,Irun
20302,20,20045,Irun
20303,20,20045,Irun
20304,20,20045,Irun
20305,20,20045,Irun
20400,20,20042,Ibarra
20490,20,20054,Lizartza
20491,20,20907,Gaztelu
20492,20,20022,Berastegi
20493,20,20023,Berrobi
20494,20,20041,Hernialde
20495,20,20004,Albiztur
20496,20,20024,Bidania-Goiatz
20500,20,20055,Arrasate / Mondragón
20530,20,20068,Leintz-Gatzaga
20540,20,20034,Eskoriatza
20550,20,20013,Aretxabaleta
20560,20,20059,Oñati
20567,20,20059,Oñati
20568,20,20059,Oñati
20569,20,20059,Oñati
20570,20,20074,Bergara
20577,20,20011,Antzuola
20578,20,20074,Bergara
20579,20,20579,Ubera
20580,20,20074,Bergara
20590,20,20065,Soraluze / Placencia de las Armas
20600,20,20030,Eibar
20690,20,20033,Elgeta
20700,20,20077,Urretxu
20709,20,20035,Ezkio-Itsaso
20710,20,20710,Aginaga (Zumarraga)
20720,20,20017,Azkoitia
20730,20,20018,Azpeitia
20737,20,20066,Errezil
20738,20,20738,Urrestilla
20739,20,20020,Beizama
20740,20,20027,Zestoa
20749,20,20003,Aizarnazabal
20750,20,20081,Zumaia
20759,20,20759,Artadi
20800,20,20079,Zarautz
20808,20,20039,Getaria
20809,20,20016,Aia
20810,20,20016,Aia
20820,20,20029,Deba
20829,20,20029,Deba
20830,20,20056,Mutriku
20850,20,20901,Mendaro
20860,20,20032,Elgoibar
20870,20,20032,Elgoibar
21001,21,21041,Huelva
21002,21,21041,Huelva
21003,21,21041,Huelva
21004,21,21041,Huelva
21005,21,21041,Huelva
21006,21,21041,Huelva
21007,21,21041,Huelva
21070,21,21070,Huelva (CP 21070)
21071,21,21071,Huelva (CP 21071)
21080,21,21080,Huelva (CP 21080)
21100,21,21002,Aljaraque
21110,21,21002,Aljaraque
21120,21,21002,Aljaraque
21122,21,21002,Aljaraque
21130,21,21055,Palos de la Frontera
21200,21,21007,Aracena
21207,21,21045,Linares de la Sierra
21208,21,21048,"Marines, Los"
21209,21,21024,Corteconcepción
21210,21,21079,Zufre
21220,21,21038,Higuera de la Sierra
21230,21,21025,Cortegana
21239,21,21008,Aroche
21240,21,21008,Aroche
21250,21,21062,Rosal de la Frontera
21260,21,21069,Santa Olalla del Cala
21270,21,21016,Cala
21280,21,21009,Arroyomolinos de León
21290,21,21004,Almonaster la Real
21291,21,21034,Galaroza
21292,21,21022,Castaño del Robledo
21300,21,21017,Calañas
21309,21,21017,Calañas
21310,21,21017,Calañas
21319,21,21017,Calañas
21320,21,21023,"Cerro de Andévalo, El"
21330,21,21004,Almonaster la Real
21340,21,21008,Aroche
21342,21,21004,Almonaster la Real
21350,21,21004,Almonaster la Real
21359,21,21004,Almonaster la Real
21360,21,21043,Jabugo
21380,21,21029,Cumbres Mayores
21386,21,21028,Cumbres de San Bartolomé
21387,21,21027,Cumbres de Enmedio
21388,21,21039,Hinojales
21390,21,21031,Encinasola
21400,21,21042,Isla Cristina
21409,21,21010,Ayamonte
21410,21,21042,Isla Cristina
21420,21,21042,Isla Cristina
21430,21,21042,Isla Cristina
21440,21,21010,Ayamonte
21449,21,21044,Lepe
21450,21,21021,Cartaya
21459,21,21021,Cartaya
21500,21,21035,Gibraleón
21510,21,21063,San Bartolomé de la Torre
21520,21,21006,Alosno
21530,21,21006,Alosno
21540,21,21021,Cartaya
21550,21,21058,Puebla de Guzmán
21559,21,21058,Puebla de Guzmán
21560,21,21057,Paymogo
21570,21,21068,Santa Bárbara de Casa
21580,21,21023,"Cerro de Andévalo, El"
21590,21,21073,Villablanca
21591,21,21066,San Silvestre de Guzmán
21592,21,21075,Villanueva de las Cruces
21593,21,21003,"Almendro, El"
21594,21,21037,"Granado, El"
21595,21,21065,Sanlúcar de Guadiana
21600,21,21054,"Palma del Condado, La"
21609,21,21011,Beas
21610,21,21064,San Juan del Puerto
21620,21,21069,Santa Olalla del Cala
21630,21,21011,Beas
21639,21,21011,Beas
21640,21,21078,Zalamea la Real
21647,21,21012,Berrocal
21649,21,21078,Zalamea la Real
21650,21,21018,"Campillo, El"
21660,21,21049,Minas de Riotinto
21668,21,21019,Campofrío
21669,21,21004,Almonaster la Real
21670,21,21052,Nerva
21700,21,21013,Bollullos Par del Condado
21710,21,21013,Bollullos Par del Condado
21720,21,21061,Rociana del Condado
21730,21,21005,Almonte
21740,21,21040,Hinojos
21750,21,21005,Almonte
21760,21,21005,Almonte
21800,21,21055,Palos de la Frontera
21810,21,21055,Palos de la Frontera
21819,21,21055,Palos de la Frontera
21820,21,21046,Lucena del Puerto
21830,21,21014,Bonares
21840,21,21053,Niebla
21850,21,21077,Villarrasa
21860,21,21074,Villalba del Alcor
21870,21,21032,Escacena del Campo
21880,21,21056,Paterna del Campo
21890,21,21047,Manzanilla
21891,21,21030,Chucena
22001,22,22125,Huesca
22002,22,22125,Huesca
22003,22,22125,Huesca
22004,22,22125,Huesca
22005,22,22125,Huesca
22006,22,22125,Huesca
22070,22,22070,Huesca (CP 22070)
22071,22,22071,Huesca (CP 22071)
22080,22,22125,Huesca
22100,22,22206,Sangarrén
22110,22,22220,Sesa
22111,22,22156,Monflorite-Lascasas
22112,22,22011,Albero Alto
22113,22,22162,Novales
22120,22,22222,Siétamo
22121,22,22222,Siétamo
22122,22,22126,Ibieca
22123,22,22027,Angüés
22124,22,22141,Lascellas-Ponzano
22125,22,22135,Laluenga
22126,22,22139,Laperdiguera
22131,22,22055,Berbegal
22132,22,22050,Barbuñales
22133,22,22027,Angüés
22134,22,22064,Blecua y Torres
22135,22,22036,Argavieso
22140,22,22150,Loporzano
22141,22,22058,Bierge
22142,22,22081,Casbas de Huesca
22143,22,22001,Abiego
22144,22,22058,Bierge
22145,22,22024,Alquézar
22146,22,22906,Santa María de Dulcis
22147,22,22003,Adahuesca
22148,22,22090,Colungo
22149,22,22907,Aínsa-Sobrarbe
22150,22,22037,Arguis
22160,22,22904,"Sotonera, La"
22161,22,22904,"Sotonera, La"
22162,22,22904,"Sotonera, La"
22190,22,22248,Vicién
22191,22,22195,Quicena
22192,22,22228,Tierz
22193,22,22127,Igriés
22194,22,22019,Alerre
22195,22,22125,Huesca
22196,22,22125,Huesca
22197,22,22125,Huesca
22200,22,22213,Sariñena
22210,22,22174,Peralta de Alcofea
22212,22,22136,Lalueza
22213,22,22137,Lanaja
22214,22,22136,Lalueza
22215,22,22085,Castelflorite
22216,22,22137,Lanaja
22220,22,22008,Albalatillo
22221,22,22213,Sariñena
22222,22,22083,Castejón de Monegros
22223,22,22242,Valfarta
22230,22,22217,Sena
22231,22,22251,Villanueva de Sigena
22232,22,22165,Ontiñena
22233,22,22094,Chalamera
22234,22,22046,Ballobar
22240,22,22226,Tardienta
22250,22,22137,Lanaja
22251,22,22018,Alcubierre
22252,22,22197,Robres
22253,22,22218,Senés de Alcubierre
22254,22,22232,Torralba de Aragón
22255,22,22012,Albero Bajo
22260,22,22116,Grañén
22268,22,22181,Piracés
22269,22,22023,Almuniente
22270,22,22021,Almudévar
22280,22,22119,Gurrea de Gállego
22281,22,22119,Gurrea de Gállego
22282,22,22014,Alcalá de Gurrea
22283,22,22014,Alcalá de Gurrea
22300,22,22048,Barbastro
22310,22,22082,Castejón del Puente
22311,22,22041,Azara
22312,22,22115,"Grado, El"
22313,22,22186,Pozán de Vero
22314,22,22201,Salas Altas
22315,22,22048,Barbastro
22320,22,22160,Naval
22330,22,22907,Aínsa-Sobrarbe
22336,22,22113,"Fueva, La"
22337,22,22111,Foradada del Toscar
22338,22,22190,"Pueyo de Araguás, El"
22339,22,22907,Aínsa-Sobrarbe
22340,22,22066,Boltaña
22347,22,22066,Boltaña
22348,22,22066,Boltaña
22349,22,22066,Boltaña
22350,22,22057,Bielsa
22351,22,22057,Bielsa
22360,22,22133,Labuerda
22361,22,22143,Laspaúles
22362,22,22189,Puértolas
22363,22,22189,Puértolas
22364,22,22227,Tella-Sin
22365,22,22057,Bielsa
22366,22,22182,Plan
22367,22,22182,Plan
22370,22,22069,Broto
22371,22,22109,Fiscal
22372,22,22069,Broto
22373,22,22069,Broto
22374,22,22069,Broto
22375,22,22069,Broto
22376,22,22230,Torla
22377,22,22230,Torla
22378,22,22230,Torla
22390,22,22115,"Grado, El"
22391,22,22214,Secastilla
22392,22,22002,Abizanda
22393,22,22002,Abizanda
22394,22,22113,"Fueva, La"
22395,22,22907,Aínsa-Sobrarbe
22400,22,22158,Monzón
22410,22,22017,Alcolea de Cinca
22411,22,22903,San Miguel de Cinca
22412,22,22903,San Miguel de Cinca
22413,22,22903,San Miguel de Cinca
22414,22,22158,Monzón
22415,22,22128,Ilche
22416,22,22193,Pueyo de Santa Cruz
22417,22,22022,Almunia de San Juan
22420,22,22022,Almunia de San Juan
22421,22,22040,Azanuy-Alins
22422,22,22110,Fonz
22423,22,22103,Estadilla
22424,22,22102,Estada
22430,22,22117,Graus
22435,22,22187,"Puebla de Castro, La"
22436,22,22117,Graus
22437,22,22117,Graus
22438,22,22113,"Fueva, La"
22439,22,22214,Secastilla
22440,22,22054,Benasque
22449,22,22054,Benasque
22450,22,22111,Foradada del Toscar
22451,22,22111,Foradada del Toscar
22452,22,22111,Foradada del Toscar
22460,22,22212,Santaliestra y San Quílez
22461,22,22066,Boltaña
22462,22,22111,Foradada del Toscar
22463,22,22215,Seira
22464,22,22215,Seira
22465,22,22095,Chía
22466,22,22062,Bisaurri
22467,22,22200,Sahún
22468,22,22200,Sahún
22469,22,22200,Sahún
22470,22,22062,Bisaurri
22471,22,22143,Laspaúles
22472,22,22143,Laspaúles
22473,22,22143,Laspaúles
22474,22,22143,Laspaúles
22480,22,22117,Graus
22481,22,22117,Graus
22482,22,22129,Isábena
22483,22,22129,Isábena
22484,22,22246,Beranuy
22485,22,22246,Beranuy
22486,22,22157,Montanuy
22487,22,22157,Montanuy
22500,22,22061,Binéfar
22510,22,22060,Binaced
22511,22,22060,Binaced
22512,22,22205,San Esteban de Litera
22513,22,22175,Peralta de Calasanz
22514,22,22175,Peralta de Calasanz
22520,22,22112,Fraga
22528,22,22245,Velilla de Cinca
22529,22,22112,Fraga
22530,22,22254,Zaidín
22531,22,22167,Osso de Cinca
22532,22,22167,Osso de Cinca
22533,22,22052,Belver de Cinca
22534,22,22007,Albalate de Cinca
22535,22,22099,Esplús
22536,22,22052,Belver de Cinca
22540,22,22025,Altorricón
22549,22,22052,Belver de Cinca
22550,22,22225,Tamarite de Litera
22558,22,22009,Albelda
22559,22,22225,Tamarite de Litera
22560,22,22016,Alcampell
22569,22,22043,Baells
22570,22,22075,Camporrells
22571,22,22045,Baldellou
22572,22,22089,Castillonroy
22580,22,22053,Benabarre
22583,22,22035,Areny de Noguera / Arén
22583,25,25234,Tremp
22584,22,22188,Puente de Montañana
22584,25,22188,Puente de Montañana
22585,22,22112,Fraga
22586,22,22142,Lascuarre
22587,22,22087,Castigaleu
22588,22,22053,Benabarre
22589,22,22053,Benabarre
22590,22,22234,Torrente de Cinca
22591,22,22077,Candasnos
22592,22,22172,Peñalba
22600,22,22199,Sabiñánigo
22609,22,22199,Sabiñánigo
22610,22,22199,Sabiñánigo
22611,22,22252,Yebra de Basa
22612,22,22199,Sabiñánigo
22613,22,22059,Biescas
22620,22,22130,Jaca
22621,22,22130,Jaca
22622,22,22163,Nueno
22623,22,22199,Sabiñánigo
22624,22,22072,Caldearenas
22625,22,22072,Caldearenas
22630,22,22059,Biescas
22636,22,22059,Biescas
22637,22,22059,Biescas
22638,22,22059,Biescas
22639,22,22059,Biescas
22640,22,22204,Sallent de Gállego
22650,22,22170,Panticosa
22660,22,22204,Sallent de Gállego
22661,22,22170,Panticosa
22662,22,22122,Hoz de Jaca
22663,22,22204,Sallent de Gállego
22664,22,22204,Sallent de Gállego
22665,22,22059,Biescas
22666,22,22199,Sabiñánigo
22700,22,22130,Jaca
22710,22,22086,Castiello de Jaca
22711,22,22130,Jaca
22712,22,22130,Jaca
22713,22,22130,Jaca
22714,22,22130,Jaca
22715,22,22130,Jaca
22720,22,22901,Valle de Hecho
22728,22,22028,Ansó
22729,22,22106,Fago
22730,22,22032,Aragüés del Puerto
22731,22,22131,Jasa
22732,22,22901,Valle de Hecho
22740,22,22901,Valle de Hecho
22750,22,22902,Puente la Reina de Jaca
22751,22,22044,Bailo
22752,22,22208,Santa Cilia
22753,22,22902,Puente la Reina de Jaca
22760,22,22044,Bailo
22761,22,22044,Bailo
22770,22,22076,Canal de Berdún
22771,22,22076,Canal de Berdún
22772,22,22076,Canal de Berdún
22773,22,22076,Canal de Berdún
22790,22,22901,Valle de Hecho
22791,22,22208,Santa Cilia
22792,22,22209,Santa Cruz de la Serós
22800,22,22039,Ayerbe
22806,50,50238,Santa Eulalia de Gállego
22807,22,22039,Ayerbe
22808,22,50185,Murillo de Gállego
22808,50,50185,Murillo de Gállego
22809,22,22039,Ayerbe
22810,22,22904,"Sotonera, La"
22811,22,22905,Lupiñén-Ortilla
22820,22,22173,"Peñas de Riglos, Las"
22821,22,22173,"Peñas de Riglos, Las"
22822,22,22173,"Peñas de Riglos, Las"
22830,22,22072,Caldearenas
22860,22,22006,Aisa
22870,22,22250,Villanúa
22880,22,22078,Canfranc
22888,22,22078,Canfranc
22889,22,22006,Aisa
23001,23,23050,Jaén
23002,23,23050,Jaén
23003,23,23050,Jaén
23004,23,23050,Jaén
23005,23,23050,Jaén
23006,23,23050,Jaén
23007,23,23050,Jaén
23008,23,23050,Jaén
23009,23,23050,Jaén
23070,23,23070,Jaén (CP 23070)
23071,23,23071,Jaén (CP 23071)
23080,23,23080,Jaén (CP 23080)
23100,23,23058,Mancha Real
23110,23,23067,Pegalajar
23120,23,23018,Cambil
23130,23,23019,Campillo de Arenas
23140,23,23064,Noalejo
23150,23,23093,Valdepeñas de Jaén
23159,23,23093,Valdepeñas de Jaén
23160,23,23099,"Villares, Los"
23170,23,23038,"Guardia de Jaén, La"
23180,23,23035,Fuerte del Rey
23190,23,23067,Pegalajar
23191,23,23901,Cárcheles
23192,23,23901,Cárcheles
23193,23,23018,Cambil
23194,23,23050,Jaén
23196,23,23050,Jaén
23200,23,23024,"Carolina, La"
23210,23,23039,Guarromán
23211,23,23021,Carboneros
23212,23,23024,"Carolina, La"
23213,23,23076,Santa Elena
23214,23,23011,Baños de la Encina
23215,23,23004,Aldeaquemada
23220,23,23094,Vilches
23230,23,23008,Arquillos
23239,23,23008,Arquillos
23240,23,23063,Navas de San Juan
23250,23,23079,Santisteban del Puerto
23260,23,23025,Castellar
23264,23,23029,Chiclana de Segura
23265,23,23062,Montizón
23266,23,23062,Montizón
23267,23,23062,Montizón
23268,23,23029,Chiclana de Segura
23269,23,23029,Chiclana de Segura
23270,23,23084,Sorihuela del Guadalimar
23280,23,23012,Beas de Segura
23289,23,23012,Beas de Segura
23290,23,23904,Santiago-Pontones
23291,23,23904,Santiago-Pontones
23292,23,23043,Hornos
23293,23,23081,Segura de la Sierra
23294,23,23081,Segura de la Sierra
23295,23,23081,Segura de la Sierra
23296,23,23904,Santiago-Pontones
23297,23,23904,Santiago-Pontones
23298,23,23904,Santiago-Pontones
23300,23,23095,Villacarrillo
23310,23,23095,Villacarrillo
23311,23,23080,Santo Tomé
23312,23,23095,Villacarrillo
23313,23,23313,"Veracruz, De (Poblado)"
23314,23,23092,Úbeda
23315,23,23095,Villacarrillo
23320,23,23088,Torreperogil
23330,23,23097,Villanueva del Arzobispo
23338,23,23048,Iznatoraf
23339,23,23097,Villanueva del Arzobispo
23340,23,23081,Segura de la Sierra
23350,23,23071,Puente de Génave
23359,23,23071,Puente de Génave
23360,23,23072,"Puerta de Segura, La"
23369,23,23072,"Puerta de Segura, La"
23370,23,23065,Orcera
23379,23,23081,Segura de la Sierra
23380,23,23082,Siles
23390,23,23016,Benatae
23391,23,23091,Torres de Albánchez
23392,23,23037,Génave
23393,23,23101,Villarrodrigo
23400,23,23092,Úbeda
23410,23,23075,Sabiote
23411,23,23009,Baeza
23412,23,23074,Rus
23413,23,23092,Úbeda
23420,23,23020,Canena
23430,23,23074,Rus
23440,23,23009,Baeza
23450,23,23046,Ibros
23460,23,23066,Peal de Becerro
23468,23,23066,Peal de Becerro
23469,23,23028,Cazorla
23470,23,23028,Cazorla
23476,23,23047,"Iruela, La"
23477,23,23030,Chilluévar
23478,23,23904,Santiago-Pontones
23479,23,23028,Cazorla
23480,23,23073,Quesada
23485,23,23028,Cazorla
23486,23,23042,Hinojares
23487,23,23045,Huesa
23488,23,23033,Frailes
23489,23,23073,Quesada
23490,23,23046,Ibros
23499,23,23094,Vilches
23500,23,23053,Jódar
23509,23,23092,Úbeda
23510,23,23085,Torreblascopedro
23519,23,23057,Lupión
23520,23,23014,Begíjar
23526,23,23526,Sotogordo
23528,23,23057,Lupión
23529,23,23009,Baeza
23530,23,23052,Jimena
23537,23,23902,Bedmar y Garcíez
23538,23,23001,Albanchez de Mágina
23539,23,23009,Baeza
23540,23,23090,Torres
23550,23,23017,Cabra del Santo Cristo
23560,23,23044,Huelma
23568,23,23015,Bélmez de la Moraleda
23569,23,23044,Huelma
23590,23,23017,Cabra del Santo Cristo
23591,23,23017,Cabra del Santo Cristo
23600,23,23060,Martos
23610,23,23034,Fuensanta de Martos
23611,23,23041,Higuera de Calatrava
23612,23,23077,Santiago de Calatrava
23613,23,23613,Lendinez
23614,23,23060,Martos
23615,23,23060,Martos
23616,23,23034,Fuensanta de Martos
23620,23,23061,Mengíbar
23628,23,23027,Cazalilla
23630,23,23903,Villatorres
23638,23,23903,Villatorres
23639,23,23050,Jaén
23640,23,23086,Torre del Campo
23649,23,23649,Garciez (Torre Del Campo)
23650,23,23087,Torredonjimeno
23657,23,23031,Escañuela
23658,23,23051,Jamilena
23659,23,23098,Villardompardo
23660,23,23003,Alcaudete
23669,23,23003,Alcaudete
23670,23,23026,Castillo de Locubín
23680,23,23002,Alcalá la Real
23684,23,23002,Alcalá la Real
23685,23,23003,Alcaudete
23686,23,23002,Alcalá la Real
23687,23,23002,Alcalá la Real
23688,23,23002,Alcalá la Real
23689,23,23002,Alcalá la Real
23690,23,23033,Frailes
23691,23,23002,Alcalá la Real
23692,23,23002,Alcalá la Real
23693,23,23026,Castillo de Locubín
23700,23,23055,Linares
23710,23,23010,Bailén
23711,23,23011,Baños de la Encina
23712,23,23049,Jabalquinto
23713,23,23055,Linares
23730,23,23096,Villanueva de la Reina
23740,23,23005,Andújar
23746,23,23040,Lahiguera
23747,23,23005,Andújar
23748,23,23005,Andújar
23749,23,23005,Andújar
23750,23,23007,Arjonilla
23760,23,23006,Arjona
23770,23,23059,Marmolejo
23780,23,23056,Lopera
23790,23,23069,Porcuna
24001,24,24089,León
24002,24,24089,León
24003,24,24115,Ponferrada
24004,24,24089,León
24005,24,24089,León
24006,24,24089,León
24007,24,24089,León
24008,24,24089,León
24009,24,24162,Santovenia de la Valdoncina
24010,24,24142,San Andrés del Rabanedo
24070,24,24070,León (CP 24070)
24071,24,24071,León (CP 24071)
24080,24,24080,León (CP 24080)
24100,24,24202,Villablino
24110,24,24202,Villablino
24111,24,24202,Villablino
24112,24,24202,Villablino
24113,24,24202,Villablino
24114,24,24202,Villablino
24120,24,24167,Soto y Amío
24121,24,24163,Sariegos
24122,24,24061,Cuadros
24123,24,24040,Carrocera
24124,24,24167,Soto y Amío
24125,24,24167,Soto y Amío
24126,24,24167,Soto y Amío
24127,24,24184,Valdesamario
24130,24,24101,Murias de Paredes
24131,24,24132,Riello
24132,24,24132,Riello
24133,24,24101,Murias de Paredes
24134,24,24101,Murias de Paredes
24135,24,24101,Murias de Paredes
24136,24,24101,Murias de Paredes
24137,24,24101,Murias de Paredes
24138,24,24202,Villablino
24139,24,24202,Villablino
24140,24,24202,Villablino
24141,24,24029,Cabrillanes
24142,24,24029,Cabrillanes
24143,24,24145,San Emiliano
24144,24,24145,San Emiliano
24145,24,24145,San Emiliano
24146,24,24164,Sena de Luna
24148,24,24012,"Barrios de Luna, Los"
24149,24,24012,"Barrios de Luna, Los"
24150,24,24067,Encinedo
24151,24,24151,Santa Colomba de Curueño
24152,24,24199,Vegaquemada
24153,24,24201,Vegas del Condado
24154,24,24201,Vegas del Condado
24155,24,24201,Vegas del Condado
24156,24,24175,Valdefresno
24160,24,24079,Gradefes
24161,24,24079,Gradefes
24162,24,24225,Villasabariego
24163,24,24201,Vegas del Condado
24164,24,24079,Gradefes
24165,24,24079,Gradefes
24166,24,24079,Gradefes
24170,24,24052,Cebanico
24171,24,24226,Villaselán
24172,24,24215,Villamol
24174,24,24051,Cea
24175,24,24215,Villamol
24191,24,24142,San Andrés del Rabanedo
24192,24,24105,Onzonilla
24193,24,24222,Villaquilambre
24195,24,24175,Valdefresno
24196,24,24163,Sariegos
24197,24,24222,Villaquilambre
24198,24,24189,Valverde de la Virgen
24199,24,24227,Villaturiel
24200,24,24188,Valencia de Don Juan
24205,24,24188,Valencia de Don Juan
24206,24,24042,Castilfalé
24207,24,24099,Matanza
24208,24,24107,Pajares de los Oteros
24209,24,24107,Pajares de los Oteros
24210,24,24094,Mansilla de las Mulas
24217,24,24095,Mansilla Mayor
24218,24,24094,Mansilla de las Mulas
24219,24,24225,Villasabariego
24220,24,24181,Valderas
24221,24,24032,Campazas
24222,24,24902,Villaornate y Castro
24223,24,24073,Fresno de la Vega
24224,24,24107,Pajares de los Oteros
24225,24,24033,Campo de Villavidel
24226,24,24225,Villasabariego
24227,24,24175,Valdefresno
24228,24,24175,Valdefresno
24230,24,24187,Valdevimbre
24231,24,24065,Chozas de Abajo
24232,24,24006,Ardón
24233,24,24006,Ardón
24234,24,24088,Laguna de Negrillos
24235,24,24221,Villaquejida
24236,24,24221,Villaquejida
24237,24,24149,San Millán de los Caballeros
24238,24,24002,Algadefe
24239,24,24054,Cimanes de la Vega
24240,24,24157,Santa María del Páramo
24248,24,24174,Urdiales del Páramo
24249,24,24017,Bercianos del Páramo
24250,24,24065,Chozas de Abajo
24251,24,24065,Chozas de Abajo
24252,24,24017,Bercianos del Páramo
24253,24,24176,Valdefuentes del Páramo
24257,24,24021,Boñar
24260,24,24260,"Ferral, Base Militar"
24270,24,24039,Carrizo
24271,24,24092,Llamas de la Ribera
24272,24,24055,Cimanes del Tejar
24273,24,24055,Cimanes del Tejar
24274,24,24133,Rioseco de Tapia
24275,24,24133,Rioseco de Tapia
24276,24,24158,Santa María de Ordás
24277,24,24158,Santa María de Ordás
24280,24,24015,Benavides
24281,24,24015,Benavides
24282,24,24142,San Andrés del Rabanedo
24283,24,24039,Carrizo
24284,24,24173,Turcia
24285,24,24123,Quintana del Castillo
24286,24,24082,Hospital de Órbigo
24287,24,24224,Villares de Órbigo
24288,24,24223,Villarejo de Órbigo
24290,24,24153,Santa Cristina de Valmadrigal
24291,24,24097,Matadeón de los Oteros
24292,24,24190,Valverde-Enrique
24293,24,24084,Izagre
24294,24,24078,Gordoncillo
24300,24,24014,Bembibre
24310,24,24170,Torre del Bierzo
24311,24,24071,Folgoso de la Ribera
24312,24,24083,Igüeña
24313,24,24083,Igüeña
24314,24,24049,Castropodame
24315,24,24014,Bembibre
24316,24,24049,Castropodame
24317,24,24170,Torre del Bierzo
24318,24,24014,Bembibre
24319,24,24014,Bembibre
24320,24,24139,Sahagún
24323,24,24050,Castrotierra de Valmadrigal
24324,24,24086,Joarilla de las Matas
24325,24,24018,Bercianos del Real Camino
24326,24,24139,Sahagún
24327,24,24229,Villazanzo de Valderaduey
24328,24,24051,Cea
24329,24,24139,Sahagún
24330,24,24160,Santas Martas
24339,24,24160,Santas Martas
24340,24,24080,Grajal de Campos
24341,24,24069,Escobar de Campos
24342,24,24031,Calzada del Coto
24343,24,24024,"Burgo Ranero, El"
24344,24,24213,Villamartín de Don Sancho
24345,24,24160,Santas Martas
24346,24,24197,Vega de Infanzones
24347,24,24105,Onzonilla
24350,24,24223,Villarejo de Órbigo
24356,24,24228,Villazala
24357,24,24026,Bustillo del Páramo
24358,24,24223,Villarejo de Órbigo
24360,24,24210,Villagatón
24367,24,24210,Villagatón
24368,24,24210,Villagatón
24369,24,24210,Villagatón
24370,24,24170,Torre del Bierzo
24374,24,24083,Igüeña
24375,24,24083,Igüeña
24376,24,24083,Igüeña
24377,24,24083,Igüeña
24378,24,24170,Torre del Bierzo
24379,24,24170,Torre del Bierzo
24380,24,24122,Puente de Domingo Flórez
24384,24,24122,Puente de Domingo Flórez
24385,24,24122,Puente de Domingo Flórez
24386,24,24122,Puente de Domingo Flórez
24387,24,24122,Puente de Domingo Flórez
24388,24,24016,Benuza
24389,24,24122,Puente de Domingo Flórez
24390,24,24038,Carracedelo
24391,24,24065,Chozas de Abajo
24392,24,24065,Chozas de Abajo
24393,24,24026,Bustillo del Páramo
24394,24,24182,Valderrey
24395,24,24148,San Justo de la Vega
24396,24,24093,Magaz de Cepeda
24397,24,24123,Quintana del Castillo
24398,24,24049,Castropodame
24400,24,24115,Ponferrada
24401,24,24115,Ponferrada
24402,24,24115,Ponferrada
24403,24,24115,Ponferrada
24404,24,24115,Ponferrada
24410,24,24007,Arganza
24411,24,24115,Ponferrada
24412,24,24027,Cabañas Raras
24413,24,24100,Molinaseca
24414,24,24115,Ponferrada
24415,24,24115,Ponferrada
24416,24,24115,Ponferrada
24420,24,24070,Fabero
24428,24,24070,Fabero
24429,24,24070,Fabero
24430,24,24196,Vega de Espinareda
24433,24,24036,Candín
24434,24,24070,Fabero
24435,24,24196,Vega de Espinareda
24436,24,24196,Vega de Espinareda
24437,24,24196,Vega de Espinareda
24438,24,24019,Berlanga del Bierzo
24439,24,24143,Sancedo
24440,24,24041,Carucedo
24441,24,24041,Carucedo
24442,24,24041,Carucedo
24443,24,24022,Borrenes
24444,24,24022,Borrenes
24445,24,24119,Priaranza del Bierzo
24446,24,24119,Priaranza del Bierzo
24447,24,24119,Priaranza del Bierzo
24448,24,24115,Ponferrada
24450,24,24169,Toreno
24457,24,24169,Toreno
24458,24,24169,Toreno
24459,24,24169,Toreno
24460,24,24169,Toreno
24469,24,24110,Páramo del Sil
24470,24,24110,Páramo del Sil
24478,24,24110,Páramo del Sil
24479,24,24110,Páramo del Sil
24480,24,24109,Palacios del Sil
24488,24,24110,Páramo del Sil
24489,24,24109,Palacios del Sil
24490,24,24115,Ponferrada
24491,24,24115,Ponferrada
24492,24,24064,Cubillos del Sil
24493,24,24169,Toreno
24494,24,24110,Páramo del Sil
24495,24,24109,Palacios del Sil
24496,24,24109,Palacios del Sil
24497,24,24109,Palacios del Sil
24498,24,24109,Palacios del Sil
24500,24,24209,Villafranca del Bierzo
24510,24,24209,Villafranca del Bierzo
24511,24,24209,Villafranca del Bierzo
24512,24,24209,Villafranca del Bierzo
24513,24,24209,Villafranca del Bierzo
24514,24,24059,Corullón
24515,24,24059,Corullón
24516,24,24206,Toral de los Vados
24517,24,24059,Corullón
24520,24,24198,Vega de Valcarce
24521,24,24198,Vega de Valcarce
24522,24,24171,Trabadelo
24523,24,24171,Trabadelo
24524,24,24198,Vega de Valcarce
24525,24,24009,Balboa
24526,24,24198,Vega de Valcarce
24530,24,24206,Toral de los Vados
24540,24,24030,Cacabelos
24544,24,24038,Carracedelo
24545,24,24007,Arganza
24546,24,24007,Arganza
24547,24,24209,Villafranca del Bierzo
24548,24,24030,Cacabelos
24549,24,24038,Carracedelo
24550,24,24038,Carracedelo
24560,24,24206,Toral de los Vados
24565,24,24038,Carracedelo
24566,24,24103,Oencia
24567,24,24103,Oencia
24568,24,24103,Oencia
24569,24,24103,Oencia
24600,24,24114,"Pola de Gordón, La"
24607,24,24114,"Pola de Gordón, La"
24608,24,24114,"Pola de Gordón, La"
24609,24,24114,"Pola de Gordón, La"
24610,24,24061,Cuadros
24620,24,24061,Cuadros
24630,24,24061,Cuadros
24640,24,24134,"Robla, La"
24648,24,24098,Matallana de Torío
24649,24,24134,"Robla, La"
24650,24,24114,"Pola de Gordón, La"
24660,24,24114,"Pola de Gordón, La"
24670,24,24114,"Pola de Gordón, La"
24680,24,24901,Villamanín
24687,24,24901,Villamanín
24688,24,24901,Villamanín
24689,24,24901,Villamanín
24690,24,24901,Villamanín
24699,24,24901,Villamanín
24700,24,24008,Astorga
24710,24,24148,San Justo de la Vega
24711,24,24214,Villamejil
24712,24,24214,Villamejil
24713,24,24214,Villamejil
24714,24,24023,Brazuelo
24715,24,24023,Brazuelo
24716,24,24023,Brazuelo
24717,24,24161,Santiago Millas
24718,24,24008,Astorga
24719,24,24219,Villaobispo de Otero
24720,24,24152,Santa Colomba de Somoza
24721,24,24044,Castrillo de la Valduerna
24722,24,24152,Santa Colomba de Somoza
24723,24,24090,Lucillo
24724,24,24090,Lucillo
24730,24,24066,Destriana
24731,24,24161,Santiago Millas
24732,24,24161,Santiago Millas
24733,24,24125,Quintana y Congosto
24734,24,24047,Castrocontrigo
24735,24,24047,Castrocontrigo
24736,24,24047,Castrocontrigo
24738,24,24172,Truchas
24740,24,24161,Santiago Millas
24741,24,24172,Truchas
24742,24,24043,Castrillo de Cabrera
24743,24,24067,Encinedo
24744,24,24043,Castrillo de Cabrera
24745,24,24067,Encinedo
24746,24,24067,Encinedo
24750,24,24010,"Bañeza, La"
24760,24,24046,Castrocalbón
24761,24,24003,Alija del Infantado
24762,24,24124,Quintana del Marco
24763,24,24166,Soto de la Vega
24764,24,24166,Soto de la Vega
24765,24,24131,Riego de la Vega
24766,24,24010,"Bañeza, La"
24767,24,24125,Quintana y Congosto
24768,24,24166,Soto de la Vega
24769,24,24053,Cebrones del Río
24790,24,24136,Roperuelos del Páramo
24791,24,24230,Zotes del Páramo
24792,24,24003,Alija del Infantado
24793,24,24182,Valderrey
24794,24,24131,Riego de la Vega
24795,24,24131,Riego de la Vega
24796,24,24005,"Antigua, La"
24797,24,24141,San Adrián del Valle
24800,24,24056,Cistierna
24810,24,24137,Sabero
24811,24,24137,Sabero
24812,24,24137,Sabero
24813,24,24056,Cistierna
24814,24,24137,Sabero
24815,24,24056,Cistierna
24816,24,24056,Cistierna
24820,24,24076,Garrafe de Torío
24830,24,24098,Matallana de Torío
24836,24,24194,Vegacervera
24837,24,24037,Cármenes
24838,24,24037,Cármenes
24839,24,24098,Matallana de Torío
24840,24,24193,"Vecilla, La"
24843,24,24177,Valdelugueros
24844,24,24177,Valdelugueros
24845,24,24177,Valdelugueros
24846,24,24179,Valdepiélago
24847,24,24179,Valdepiélago
24848,24,24151,Santa Colomba de Curueño
24849,24,24179,Valdepiélago
24850,24,24021,Boñar
24852,24,24021,Boñar
24853,24,24021,Boñar
24854,24,24021,Boñar
24855,24,24121,Puebla de Lillo
24856,24,24129,Reyero
24857,24,24021,Boñar
24858,24,24021,Boñar
24859,24,24021,Boñar
24860,24,24021,Boñar
24869,24,24199,Vegaquemada
24870,24,24068,"Ercina, La"
24877,24,24068,"Ercina, La"
24878,24,24068,"Ercina, La"
24879,24,24068,"Ercina, La"
24880,24,24183,Valderrueda
24882,24,24183,Valderrueda
24883,24,24183,Valderrueda
24884,24,24183,Valderrueda
24885,24,24120,Prioro
24886,24,24183,Valderrueda
24887,24,24183,Valderrueda
24888,24,24052,Cebanico
24889,24,24183,Valderrueda
24890,24,24076,Garrafe de Torío
24891,24,24076,Garrafe de Torío
24892,24,24052,Cebanico
24893,24,24118,Prado de la Guzpeña
24900,24,24130,Riaño
24911,24,24020,Boca de Huérgano
24912,24,24020,Boca de Huérgano
24913,24,24020,Boca de Huérgano
24914,24,24116,Posada de Valdeón
24915,24,24116,Posada de Valdeón
24916,24,24106,Oseja de Sajambre
24917,24,24025,Burón
24918,24,24130,Riaño
24920,24,24180,Valdepolo
24930,24,24180,Valdepolo
24940,24,24063,Cubillas de Rueda
24950,24,24056,Cistierna
24960,24,24060,Crémenes
24970,24,24060,Crémenes
24980,24,24060,Crémenes
24989,24,24060,Crémenes
24990,24,24060,Crémenes
24991,24,24060,Crémenes
24994,24,24001,Acebedo
24995,24,24025,Burón
24996,24,24001,Acebedo
25001,25,25120,Lleida
25002,25,25120,Lleida
25003,25,25120,Lleida
25004,25,25120,Lleida
25005,25,25120,Lleida
25006,25,25120,Lleida
25007,25,25120,Lleida
25008,25,25120,Lleida
25070,25,25070,Lleida (CP 25070)
25071,25,25071,Lleida (CP 25071)
25080,25,25080,Lleida (CP 25080)
25100,25,25019,Almacelles
25109,25,25109,El Mas Del Lleo
25110,25,25228,Torrefarrera
25111,25,25120,Lleida
25112,25,25912,Gimenells i el Pla de la Font
25113,25,25120,Lleida
25114,25,25912,Gimenells i el Pla de la Font
25120,25,25013,Alfarràs
25121,25,25121,Andani
25122,25,25112,Ivars de Noguera
25123,25,25228,Torrefarrera
25124,25,25189,Rosselló
25125,25,25016,Alguaire
25126,25,25228,Torrefarrera
25130,25,25015,Algerri
25131,25,25233,Torre-serona
25132,25,25053,Benavent de Segrià
25133,25,25251,Vilanova de Segrià
25134,25,25174,la Portella
25135,25,25008,Albesa
25136,25,25069,Castelló de Farfanya
25137,25,25078,Corbins
25138,25,25231,Torrelameu
25139,25,25134,Menàrguens
25140,25,25029,Arbeca
25141,25,25230,Torregrossa
25142,25,25052,Bellvís
25143,25,25168,el Poal
25144,25,25052,Bellvís
25150,25,25033,Artesa de Lleida
25151,25,25036,Aspa
25152,25,25076,el Cogul
25153,25,25182,Puigverd de Lleida
25154,25,25067,Castelldans
25155,25,25006,l'Albagés
25160,25,25105,Granyena de les Garrigues
25161,25,25014,Alfés
25162,25,25010,Alcanó
25163,25,25206,el Soleràs
25164,25,25224,els Torms
25165,25,25118,Juncosa
25170,25,25232,Torres de Segre
25171,25,25007,Albatàrrec
25172,25,25142,Montoliu de Lleida
25173,25,25211,Sudanell
25174,25,25212,Sunyer
25175,25,25200,Sarroca de Lleida
25176,25,25226,Torrebesses
25177,25,25101,la Granadella
25178,25,25056,Bovera
25179,25,25133,Maials
25180,25,25011,Alcarràs
25181,25,25210,Soses
25182,25,25038,Aitona
25183,25,25204,Seròs
25184,25,25131,Massalcoreig
25185,25,25102,la Granja d'Escarp
25186,25,25125,Llardecans
25187,25,25020,Almatret
25190,25,25120,Lleida
25191,25,25120,Lleida
25192,25,25120,Lleida
25193,25,25011,Alcarràs
25194,25,25120,Lleida
25195,25,25120,Lleida
25196,25,25120,Lleida
25197,25,25120,Lleida
25198,25,25120,Lleida
25199,25,25120,Lleida
25200,25,25072,Cervera
25210,25,25110,Guissona
25211,25,25132,Massoteres
25212,25,25219,Tarroja de Segarra
25213,25,25905,Ribera d'Ondara
25214,25,25202,Senterada
25215,25,25194,Sant Ramon
25216,25,25194,Sant Ramon
25217,25,25104,Granyena de Segarra
25218,25,25072,Cervera
25220,25,25048,Bell-lloc d'Urgell
25221,25,25004,els Alamús
25222,25,25205,Sidamon
25230,25,25137,Mollerussa
25240,25,25122,Linyola
25241,25,25099,Golmés
25242,25,25135,Miralcamp
25243,25,25158,el Palau d'Anglesola
25244,25,25093,Fondarella
25245,25,25252,Vila-sana
25250,25,25050,Bellpuig
25260,25,25113,Ivars d'Urgell
25261,25,25164,Penelles
25262,25,25041,Barbens
25263,25,25176,Preixana
25264,25,25248,Vilanova de Bellpuig
25265,25,25068,Castellnou de Seana
25266,25,25046,Belianes
25267,25,25902,Sant Martí de Riucorb
25268,25,25154,els Omells de na Gaia
25269,25,25238,Vallbona de les Monges
25270,25,25192,Sant Guim de Freixenet
25271,25,25085,Estaràs
25280,25,25207,Solsona
25281,25,25129,Llobera
25282,25,25193,Sant Llorenç de Morunys
25283,25,25124,Lladurs
25284,25,25163,la Coma i la Pedra
25285,25,25111,Guixers
25286,25,25024,Alt Àneu
25287,25,25167,Pinós
25288,25,25124,Lladurs
25289,25,25064,Castellar de la Ribera
25290,25,25186,Riner
25300,25,25217,Tàrrega
25310,25,25003,Agramunt
25315,25,25138,Montgai
25316,25,25177,Preixens
25317,25,25003,Agramunt
25318,25,25003,Agramunt
25320,25,25027,Anglesola
25330,25,25244,Vilagrassa
25331,25,25003,Agramunt
25332,25,25096,la Fuliola
25333,25,25164,Penelles
25334,25,25070,Castellserà
25335,25,25164,Penelles
25336,25,25049,Bellmunt d'Urgell
25337,25,25047,Bellcaire d'Urgell
25340,25,25143,Montornès de Segarra
25341,25,25145,Nalec
25343,25,25902,Sant Martí de Riucorb
25344,25,25902,Sant Martí de Riucorb
25350,25,25217,Tàrrega
25351,25,25217,Tàrrega
25352,25,25217,Tàrrega
25353,25,25217,Tàrrega
25354,25,25217,Tàrrega
25360,25,25217,Tàrrega
25400,25,25058,les Borges Blanques
25410,25,25081,l'Espluga Calba
25411,25,25097,Fulleda
25412,25,25153,els Omellons
25413,25,25092,la Floresta
25420,25,25180,Puiggròs
25430,25,25119,Juneda
25440,25,25255,Vinaixa
25450,25,25009,l'Albi
25457,25,25457,El Vilosell
25460,25,25073,Cervià de les Garrigues
25471,25,25169,la Pobla de Cérvoles
25480,25,25218,Tarrés
25500,25,25171,la Pobla de Segur
25510,25,25227,la Torre de Cabdella
25511,25,25227,la Torre de Cabdella
25512,25,25227,la Torre de Cabdella
25513,25,25171,la Pobla de Segur
25514,25,25202,Senterada
25515,25,25227,la Torre de Cabdella
25516,25,25161,Conca de Dalt
25517,25,25161,Conca de Dalt
25518,25,25161,Conca de Dalt
25520,25,25173,el Pont de Suert
25526,25,25043,la Vall de Boí
25527,25,25043,la Vall de Boí
25528,25,25043,la Vall de Boí
25529,25,25173,el Pont de Suert
25530,25,25243,Vielha e Mijaran
25537,25,25243,Vielha e Mijaran
25538,25,25243,Vielha e Mijaran
25539,25,25243,Vielha e Mijaran
25540,25,25121,Les
25548,25,25063,Canejan
25549,25,25045,Bausen
25550,25,25059,Bossòst
25551,25,25247,Vilamòs
25552,25,25245,Vilaller
25553,25,25245,Vilaller
25554,25,25173,el Pont de Suert
25555,25,25201,Sarroca de Bellera
25556,25,25173,el Pont de Suert
25560,25,25209,Sort
25566,25,25208,Soriguera
25567,25,25209,Sort
25568,25,25209,Sort
25569,25,25208,Soriguera
25570,25,25901,Vall de Cardós
25571,25,25087,Esterri de Cardós
25572,25,25901,Vall de Cardós
25573,25,25017,Alins
25574,25,25017,Alins
25575,25,25017,Alins
25576,25,25123,Lladorre
25577,25,25123,Lladorre
25580,25,25086,Esterri d'Àneu
25586,25,25024,Alt Àneu
25587,25,25024,Alt Àneu
25588,25,25903,la Guingueta d'Àneu
25589,25,25024,Alt Àneu
25590,25,25039,Baix Pallars
25591,25,25039,Baix Pallars
25592,25,25062,Camarasa
25593,25,25208,Soriguera
25594,25,25126,Llavorsí
25595,25,25089,Farrera
25596,25,25903,la Guingueta d'Àneu
25597,25,25082,Espot
25598,25,25025,Naut Aran
25599,25,25025,Naut Aran
25600,25,25040,Balaguer
25610,25,25156,Os de Balaguer
25611,25,25002,Àger
25612,25,25037,les Avellanes i Santa Linya
25613,25,25062,Camarasa
25614,25,25156,Os de Balaguer
25615,25,25062,Camarasa
25616,25,25138,Montgai
25617,25,25240,Vallfogona de Balaguer
25620,25,25234,Tremp
25630,25,25215,Talarn
25631,25,25904,Castell de Mur
25632,25,25196,Sant Esteve de la Sarga
25633,25,25234,Tremp
25634,25,25234,Tremp
25635,25,25234,Tremp
25636,25,25234,Tremp
25637,25,25234,Tremp
25638,25,25128,Llimiana
25639,25,25128,Llimiana
25640,25,25234,Tremp
25650,25,25115,Isona i Conca Dellà
25651,25,25001,Abella de la Conca
25652,25,25001,Abella de la Conca
25653,25,25115,Isona i Conca Dellà
25654,25,25234,Tremp
25655,25,25115,Isona i Conca Dellà
25656,25,25115,Isona i Conca Dellà
25657,25,25115,Isona i Conca Dellà
25658,25,25115,Isona i Conca Dellà
25660,25,25012,Alcoletge
25670,25,25220,Térmens
25680,25,25240,Vallfogona de Balaguer
25690,25,25254,Vilanova de la Barca
25691,25,25002,Àger
25692,25,25002,Àger
25693,25,25190,Salàs de Pallars
25700,25,25203,la Seu d'Urgell
25710,25,25203,la Seu d'Urgell
25711,25,25140,Montferrer i Castellbò
25712,25,25140,Montferrer i Castellbò
25713,25,25185,Ribera d'Urgellet
25714,25,25140,Montferrer i Castellbò
25715,25,25005,Alàs i Cerc
25716,25,25100,Gósol
25717,25,25909,la Vansa i Fórnols
25718,25,25005,Alàs i Cerc
25719,25,25088,Estamariu
25720,25,25051,Bellver de Cerdanya
25721,25,25175,Prats i Sansor
25722,25,25032,Arsèguel
25723,25,25030,el Pont de Bar
25724,25,25139,Montellà i Martinet
25725,25,25139,Montellà i Martinet
25726,25,25127,Lles de Cerdanya
25727,25,25179,Prullans
25730,25,25034,Artesa de Segre
25735,25,25250,Vilanova de Meià
25736,25,25034,Artesa de Segre
25737,25,25022,Alòs de Balaguer
25738,25,25034,Artesa de Segre
25739,25,25034,Artesa de Segre
25740,25,25172,Ponts
25746,25,25172,Ponts
25747,25,25001,Abella de la Conca
25748,25,25060,Cabanabona
25749,25,25172,Ponts
25750,25,25223,Torà
25751,25,25223,Torà
25752,25,25055,Biosca
25753,25,25055,Biosca
25788,25,25788,Os De Civis
25790,25,25077,Coll de Nargó
25791,25,25222,Tiurana
25792,25,25044,Bassella
25793,25,25077,Coll de Nargó
25794,25,25061,Cabó
25795,25,25906,les Valls d'Aguilar
25796,25,25185,Ribera d'Urgellet
25797,25,25185,Ribera d'Urgellet
25798,25,25239,les Valls de Valira
25799,25,25030,el Pont de Bar
26001,26,26089,Logroño
26002,26,26089,Logroño
26003,26,26089,Logroño
26004,26,26089,Logroño
26005,26,26089,Logroño
26006,26,26168,Villamediana de Iregua
26007,26,26089,Logroño
26008,26,26089,Logroño
26009,26,26089,Logroño
26070,26,26070,Logroño
26071,26,26071,Logroño
26080,26,26080,Logroño
26100,26,26012,Almarza de Cameros
26110,26,26106,Nestares
26111,26,26012,Almarza de Cameros
26120,26,26005,Albelda de Iregua
26121,26,26103,Nalda
26122,26,26067,Gallinero de Cameros
26123,26,26169,Villanueva de Cameros
26124,26,26122,El Rasillo de Cameros
26125,26,26177,Villoslada de Cameros
26126,26,26091,Lumbreras
26127,42,42127,Montenegro De Cameros
26130,26,26006,Alberite
26131,26,26135,Santa Engracia del Jubera
26132,26,26147,Terroba
26133,26,26077,Hornillos de Cameros
26134,26,26081,Jalón de Cameros
26135,26,26035,Cabezón de Cameros
26140,26,26084,Lardero
26141,26,26006,Alberite
26142,26,26168,Villamediana de Iregua
26143,26,26099,Murillo de Río Leza
26144,26,26053,Corera
26145,26,26108,Ocón
26146,26,26123,"Redal, El"
26147,26,26108,Ocón
26148,26,26108,Ocón
26150,26,26150,El Sequero (Agoncillo)(Poligono Industrial)
26151,26,26019,Arrúbal
26160,26,26002,Agoncillo
26190,26,26103,Nalda
26191,26,26144,Sorzano
26200,26,26071,Haro
26210,26,26148,Tirgo
26211,26,26062,Foncea
26212,09,26045,Cellorigo
26212,26,26045,Cellorigo
26213,26,26073,Herramélluri
26214,26,26127,Rodezno
26215,26,26155,Treviana
26216,26,26131,San Millán de Yécora
26220,26,26111,Ollauri
26221,26,26068,Gimileo
26222,26,26127,Rodezno
26223,26,26076,Hormilleja
26224,26,26152,Torrecilla sobre Alesanco
26226,26,26226,Monasterio De Yuso
26230,26,26042,Casalarreina
26240,26,26043,Castañares de Rioja
26241,26,26025,Baños de Rioja
26250,26,26018,Arnedo
26256,26,26167,Villalobar de Rioja
26257,26,26024,Bañares
26258,26,26050,Cirueña
26259,26,26069,Grañón
26260,26,26140,Santurde de Rioja
26261,26,26113,Pazuengos
26270,26,26110,Ojacastro
26280,26,26061,Ezcaray
26288,26,26162,Valgañón
26289,26,26061,Ezcaray
26290,26,26033,Briñas
26291,26,26139,San Torcuato
26292,26,26166,Villalba de Rioja
26300,26,26102,Nájera
26310,26,26023,Badarán
26311,26,26015,Arenzana de Abajo
26312,26,26016,Arenzana de Arriba
26313,26,26160,Uruñuela
26314,26,26079,Huércanos
26315,26,26010,Alesón
26320,26,26026,Baños de Río Tobía
26321,26,26095,Matute
26322,26,26014,Anguiano
26323,26,26075,Hormilla
26324,26,26009,Alesanco
26325,26,26039,Canillas de Río Tuerto
26326,26,26130,San Millán de la Cogolla
26327,26,26027,Berceo
26328,26,26060,Estollo
26329,26,26038,Canales de la Sierra
26330,26,26034,Briones
26338,26,26142,San Vicente de la Sonsierra
26339,26,26142,San Vicente de la Sonsierra
26340,26,26129,San Asensio
26350,26,26046,Cenicero
26359,26,26154,Torremontalbo
26360,26,26064,Fuenmayor
26370,26,26105,Navarrete
26371,26,26163,Ventosa
26372,26,26078,Hornos de Moncalvillo
26373,26,26057,Daroca de Rioja
26374,26,26096,Medrano
26375,26,26059,Entrena
26376,26,26143,Sojuela
26500,26,26036,Calahorra
26509,26,26007,Alcanadre
26510,26,26117,Pradejón
26511,26,26170,"Villar de Arnedo, El"
26512,26,26158,Tudelilla
26513,26,26020,Ausejo
26520,26,26047,Cervera del Río Alhama
26525,26,26080,Igea
26526,26,26054,Cornago
26527,26,26047,Cervera del Río Alhama
26528,26,26047,Cervera del Río Alhama
26529,26,26047,Cervera del Río Alhama
26530,26,26003,Aguilar del Río Alhama
26531,26,26003,Aguilar del Río Alhama
26532,26,26161,Valdemadera
26533,26,26104,Navajún
26540,26,26011,Alfaro
26550,26,26125,Rincón de Soto
26559,26,26008,Aldeanueva de Ebro
26560,26,26021,Autol
26570,26,26120,Quel
26580,26,26018,Arnedo
26584,26,26072,Herce
26585,26,26017,Arnedillo
26586,26,26058,Enciso
26587,26,26070,Grávalos
26588,26,26028,Bergasa
26589,26,26017,Arnedillo
27001,27,27028,Lugo
27002,27,27028,Lugo
27003,27,27028,Lugo
27004,27,27028,Lugo
27070,27,27070,Lugo (CP 27070)
27071,27,27071,Lugo (CP 27071)
27080,27,27080,Lugo (CP 27080)
27100,27,27018,"Fonsagrada, A"
27110,27,27018,"Fonsagrada, A"
27111,27,27018,"Fonsagrada, A"
27112,27,27018,"Fonsagrada, A"
27113,27,27018,"Fonsagrada, A"
27114,27,27018,"Fonsagrada, A"
27115,27,27018,"Fonsagrada, A"
27116,27,27018,"Fonsagrada, A"
27117,27,27018,"Fonsagrada, A"
27118,27,27018,"Fonsagrada, A"
27120,27,27011,Castroverde
27122,27,27011,Castroverde
27123,27,27011,Castroverde
27124,27,27011,Castroverde
27125,27,27011,Castroverde
27126,27,27011,Castroverde
27127,27,27011,Castroverde
27128,27,27011,Castroverde
27129,27,27011,Castroverde
27130,27,27004,Baleira
27131,27,27004,Baleira
27132,27,27004,Baleira
27133,27,27004,Baleira
27134,27,27018,"Fonsagrada, A"
27135,27,27018,"Fonsagrada, A"
27136,27,27018,"Fonsagrada, A"
27140,27,27028,Lugo
27141,27,27028,Lugo
27142,27,27011,Castroverde
27143,27,27011,Castroverde
27144,27,27011,Castroverde
27145,27,27014,"Corgo, O"
27146,27,27011,Castroverde
27150,27,27039,Outeiro de Rei
27151,27,27039,Outeiro de Rei
27152,27,27023,Guntín
27153,27,27039,Outeiro de Rei
27154,27,27039,Outeiro de Rei
27155,27,27039,Outeiro de Rei
27156,27,27020,Friol
27157,27,27039,Outeiro de Rei
27160,27,27028,Lugo
27161,27,27028,Lugo
27162,27,27014,"Corgo, O"
27163,27,27014,"Corgo, O"
27164,27,27014,"Corgo, O"
27165,27,27165,Vilacha (San Xiao)
27166,27,27011,Castroverde
27168,27,27014,"Corgo, O"
27169,27,27028,Lugo
27170,27,27049,Portomarín
27177,27,27049,Portomarín
27178,27,27049,Portomarín
27180,27,27028,Lugo
27181,27,27023,Guntín
27182,27,27028,Lugo
27183,27,27023,Guntín
27184,27,27023,Guntín
27185,27,27023,Guntín
27186,27,27023,Guntín
27187,27,27049,Portomarín
27188,27,27028,Lugo
27190,27,27014,"Corgo, O"
27191,27,27028,Lugo
27192,27,27028,Lugo
27200,27,27040,Palas de Rei
27203,27,27040,Palas de Rei
27204,27,27040,Palas de Rei
27205,27,27040,Palas de Rei
27206,27,27040,Palas de Rei
27207,27,27040,Palas de Rei
27208,27,27040,Palas de Rei
27209,27,27040,Palas de Rei
27210,27,27023,Guntín
27211,27,27023,Guntín
27212,27,27049,Portomarín
27213,27,27049,Portomarín
27214,27,27049,Portomarín
27215,27,27032,Monterroso
27216,27,27040,Palas de Rei
27217,27,27040,Palas de Rei
27220,27,27020,Friol
27226,27,27020,Friol
27227,27,27020,Friol
27228,27,27020,Friol
27229,27,27020,Friol
27230,27,27028,Lugo
27231,27,27028,Lugo
27232,27,27028,Lugo
27233,27,27023,Guntín
27234,27,27017,Folgoso do Courel
27235,27,27020,Friol
27240,27,27029,Meira
27241,27,27029,Meira
27243,27,27053,Ribeira de Piquín
27244,27,27053,Ribeira de Piquín
27245,27,27053,Ribeira de Piquín
27246,27,27044,"Pastoriza, A"
27247,27,27029,Meira
27248,27,27044,"Pastoriza, A"
27250,27,27010,Castro de Rei
27256,27,27010,Castro de Rei
27257,27,27010,Castro de Rei
27258,27,27010,Castro de Rei
27259,27,27010,Castro de Rei
27260,27,27010,Castro de Rei
27266,27,27010,Castro de Rei
27267,27,27010,Castro de Rei
27268,27,27010,Castro de Rei
27269,27,27010,Castro de Rei
27270,27,27046,Pol
27271,27,27010,Castro de Rei
27272,27,27046,Pol
27273,27,27046,Pol
27274,27,27046,Pol
27275,27,27046,Pol
27276,27,27004,Baleira
27277,27,27004,Baleira
27278,27,27004,Baleira
27279,27,27046,Pol
27280,27,27046,Pol
27282,27,27282,"Matodoso, O"
27283,27,27046,Pol
27286,27,27044,"Pastoriza, A"
27287,27,27044,"Pastoriza, A"
27289,27,27010,Castro de Rei
27290,27,27028,Lugo
27293,27,27011,Castroverde
27294,27,27028,Lugo
27296,27,27028,Lugo
27297,27,27028,Lugo
27298,27,27028,Lugo
27299,27,27020,Friol
27300,27,27022,Guitiriz
27305,27,27022,Guitiriz
27306,27,27022,Guitiriz
27307,27,27022,Guitiriz
27308,27,27022,Guitiriz
27309,27,27022,Guitiriz
27310,27,27052,Ribas de Sil
27317,27,27052,Ribas de Sil
27318,27,27052,Ribas de Sil
27320,27,27050,Quiroga
27324,27,27017,Folgoso do Courel
27325,27,27017,Folgoso do Courel
27328,27,27017,Folgoso do Courel
27329,27,27050,Quiroga
27330,27,27047,"Pobra do Brollón, A"
27331,27,27047,"Pobra do Brollón, A"
27332,27,27047,"Pobra do Brollón, A"
27333,27,27047,"Pobra do Brollón, A"
27334,27,27047,"Pobra do Brollón, A"
27335,27,27047,"Pobra do Brollón, A"
27336,27,27047,"Pobra do Brollón, A"
27338,27,27047,"Pobra do Brollón, A"
27339,27,27017,Folgoso do Courel
27340,27,27008,Bóveda
27341,27,27024,"Incio, O"
27342,27,27024,"Incio, O"
27343,27,27008,Bóveda
27344,27,27008,Bóveda
27345,27,27024,"Incio, O"
27346,27,27024,"Incio, O"
27347,27,27047,"Pobra do Brollón, A"
27348,27,27024,"Incio, O"
27349,27,27008,Bóveda
27350,27,27008,Bóveda
27359,27,27008,Bóveda
27360,27,27026,Láncara
27362,27,27043,"Páramo, O"
27363,27,27043,"Páramo, O"
27364,27,27043,"Páramo, O"
27366,27,27026,Láncara
27367,27,27026,Láncara
27368,27,27026,Láncara
27369,27,27043,"Páramo, O"
27370,27,27007,Begonte
27371,27,27371,Baamonde
27372,27,27007,Begonte
27373,27,27007,Begonte
27374,27,27039,Outeiro de Rei
27375,27,27015,Cospeito
27376,27,27015,Cospeito
27377,27,27015,Cospeito
27378,27,27015,Cospeito
27379,27,27015,Cospeito
27380,27,27022,Guitiriz
27388,27,27022,Guitiriz
27389,27,27022,Guitiriz
27390,27,27050,Quiroga
27391,27,27047,"Pobra do Brollón, A"
27392,27,27057,Sarria
27400,27,27031,Monforte de Lemos
27410,27,27031,Monforte de Lemos
27411,27,27031,Monforte de Lemos
27412,27,27031,Monforte de Lemos
27413,27,27031,Monforte de Lemos
27414,27,27031,Monforte de Lemos
27415,27,27031,Monforte de Lemos
27416,27,27031,Monforte de Lemos
27417,27,27031,Monforte de Lemos
27418,27,27031,Monforte de Lemos
27419,27,27031,Monforte de Lemos
27420,27,27031,Monforte de Lemos
27421,27,27059,Sober
27422,27,27059,Sober
27423,27,27059,Sober
27424,27,27059,Sober
27425,27,27059,Sober
27430,27,27041,Pantón
27437,27,27041,Pantón
27438,27,27041,Pantón
27439,27,27041,Pantón
27440,27,27059,Sober
27450,27,27041,Pantón
27460,27,27059,Sober
27466,27,27059,Sober
27468,27,27059,Sober
27469,27,27059,Sober
27470,27,27041,Pantón
27500,27,27016,Chantada
27510,27,27016,Chantada
27511,27,27016,Chantada
27512,27,27016,Chantada
27513,27,27016,Chantada
27514,27,27016,Chantada
27515,27,27016,Chantada
27516,27,27016,Chantada
27517,27,27016,Chantada
27518,27,27016,Chantada
27519,27,27016,Chantada
27520,27,27009,Carballedo
27527,27,27009,Carballedo
27528,27,27009,Carballedo
27529,27,27009,Carballedo
27530,27,27009,Carballedo
27531,27,27009,Carballedo
27532,27,27009,Carballedo
27533,27,27009,Carballedo
27540,27,27058,O Saviñao
27543,27,27058,O Saviñao
27544,27,27058,O Saviñao
27545,27,27058,O Saviñao
27546,27,27058,O Saviñao
27547,27,27058,O Saviñao
27548,27,27058,O Saviñao
27549,27,27041,Pantón
27550,27,27060,Taboada
27554,27,27060,Taboada
27555,27,27060,Taboada
27556,27,27060,Taboada
27557,27,27060,Taboada
27558,27,27060,Taboada
27559,27,27060,Taboada
27560,27,27032,Monterroso
27568,27,27032,Monterroso
27569,27,27032,Monterroso
27570,27,27003,Antas de Ulla
27576,27,27003,Antas de Ulla
27577,27,27003,Antas de Ulla
27578,27,27003,Antas de Ulla
27579,27,27003,Antas de Ulla
27590,27,27031,Monforte de Lemos
27591,27,27031,Monforte de Lemos
27592,27,27031,Monforte de Lemos
27593,27,27041,Pantón
27594,27,27058,O Saviñao
27595,27,27016,Chantada
27596,27,27060,Taboada
27600,27,27057,Sarria
27610,27,27057,Sarria
27611,27,27042,Paradela
27612,27,27042,Paradela
27613,27,27057,Sarria
27614,27,27026,Láncara
27615,27,27026,Láncara
27616,27,27057,Sarria
27617,27,27057,Sarria
27618,27,27057,Sarria
27619,27,27057,Sarria
27620,27,27055,Samos
27623,27,27055,Samos
27624,27,27055,Samos
27625,27,27055,Samos
27626,27,27055,Samos
27627,27,27055,Samos
27628,27,27055,Samos
27630,27,27062,Triacastela
27631,27,27062,Triacastela
27632,27,27062,Triacastela
27633,27,27043,"Páramo, O"
27634,27,27062,Triacastela
27635,27,27055,Samos
27636,27,27055,Samos
27637,27,27057,Sarria
27638,27,27055,Samos
27639,27,27062,Triacastela
27640,27,27006,Becerreá
27646,27,27037,"Nogais, As"
27647,27,27006,Becerreá
27648,27,27006,Becerreá
27649,27,27006,Becerreá
27650,27,27034,Navia de Suarna
27651,27,27034,Navia de Suarna
27652,27,27034,Navia de Suarna
27653,27,27034,Navia de Suarna
27654,27,27034,Navia de Suarna
27655,27,27034,Navia de Suarna
27656,27,27034,Navia de Suarna
27657,27,27034,Navia de Suarna
27658,27,27034,Navia de Suarna
27659,27,27034,Navia de Suarna
27660,27,27006,Becerreá
27661,27,27006,Becerreá
27662,27,27012,Cervantes
27663,27,27006,Becerreá
27664,27,27006,Becerreá
27665,27,27012,Cervantes
27666,27,27012,Cervantes
27667,27,27012,Cervantes
27668,27,27006,Becerreá
27670,27,27045,Pedrafita do Cebreiro
27671,27,27045,Pedrafita do Cebreiro
27672,27,27045,Pedrafita do Cebreiro
27673,27,27045,Pedrafita do Cebreiro
27675,27,27037,"Nogais, As"
27676,27,27037,"Nogais, As"
27677,27,27037,"Nogais, As"
27678,27,27006,Becerreá
27679,27,27006,Becerreá
27680,27,27901,Baralla
27685,27,27901,Baralla
27686,27,27901,Baralla
27687,27,27901,Baralla
27688,27,27901,Baralla
27689,27,27901,Baralla
27690,27,27057,Sarria
27691,27,27026,Láncara
27692,27,27026,Láncara
27693,27,27026,Láncara
27694,27,27006,Becerreá
27695,27,27901,Baralla
27696,27,27901,Baralla
27697,27,27901,Baralla
27698,27,27006,Becerreá
27699,27,27026,Láncara
27700,27,27051,Ribadeo
27710,27,27051,Ribadeo
27711,27,27051,Ribadeo
27712,27,27051,Ribadeo
27713,27,27051,Ribadeo
27714,27,27051,Ribadeo
27715,27,27051,Ribadeo
27720,27,27048,"Pontenova, A"
27721,27,27048,"Pontenova, A"
27722,27,27048,"Pontenova, A"
27723,27,27048,"Pontenova, A"
27724,27,27048,"Pontenova, A"
27725,27,27048,"Pontenova, A"
27726,27,27048,"Pontenova, A"
27727,27,27048,"Pontenova, A"
27728,27,27048,"Pontenova, A"
27729,27,27048,"Pontenova, A"
27730,27,27001,Abadín
27737,27,27001,Abadín
27738,27,27001,Abadín
27740,27,27030,Mondoñedo
27742,27,27030,Mondoñedo
27743,27,27054,Riotorto
27744,27,27054,Riotorto
27745,27,27054,Riotorto
27747,27,27030,Mondoñedo
27748,27,27030,Mondoñedo
27749,27,27030,Mondoñedo
27750,27,27027,Lourenzá
27751,27,27027,Lourenzá
27752,27,27030,Mondoñedo
27760,27,27027,Lourenzá
27765,27,27061,Trabada
27766,27,27061,Trabada
27767,27,27061,Trabada
27768,27,27061,Trabada
27770,27,27063,"Valadouro, O"
27773,27,27002,Alfoz
27774,27,27002,Alfoz
27775,27,27002,Alfoz
27776,27,27002,Alfoz
27777,27,27063,"Valadouro, O"
27778,27,27002,Alfoz
27779,27,27063,"Valadouro, O"
27780,27,27019,Foz
27785,27,27019,Foz
27786,27,27019,Foz
27787,27,27019,Foz
27788,27,27019,Foz
27789,27,27019,Foz
27790,27,27005,Barreiros
27791,27,27030,Mondoñedo
27792,27,27005,Barreiros
27793,27,27005,Barreiros
27794,27,27005,Barreiros
27795,27,27795,"Rochela, A"
27796,27,27051,Ribadeo
27797,27,27051,Ribadeo
27798,27,27005,Barreiros
27800,27,27065,Vilalba
27810,27,27065,Vilalba
27811,27,27065,Vilalba
27812,27,27065,Vilalba
27813,27,27065,Vilalba
27814,27,27065,Vilalba
27815,27,27065,Vilalba
27816,27,27065,Vilalba
27817,27,27033,Muras
27818,27,27065,Vilalba
27820,27,27065,Vilalba
27821,27,27065,Vilalba
27822,27,27065,Vilalba
27823,27,27065,Vilalba
27824,27,27021,Xermade
27825,27,27065,Vilalba
27826,27,27021,Xermade
27830,27,27065,Vilalba
27832,27,27021,Xermade
27833,27,27021,Xermade
27834,27,27021,Xermade
27835,27,27021,Xermade
27836,27,27033,Muras
27837,27,27033,Muras
27840,27,27065,Vilalba
27841,27,27065,Vilalba
27842,27,27065,Vilalba
27843,27,27001,Abadín
27844,27,27844,Martiñan
27845,27,27001,Abadín
27849,27,27001,Abadín
27850,27,27066,Viveiro
27860,27,27064,"Vicedo, O"
27861,27,27064,"Vicedo, O"
27863,27,27066,Viveiro
27864,27,27066,Viveiro
27865,27,27038,Ourol
27866,27,27038,Ourol
27867,27,27038,Ourol
27868,27,27064,"Vicedo, O"
27869,27,27066,Viveiro
27870,27,27025,Xove
27876,27,27025,Xove
27877,27,27025,Xove
27878,27,27025,Xove
27879,27,27025,Xove
27880,27,27902,Burela
27888,27,27013,Cervo
27889,27,27013,Cervo
27890,27,27013,Cervo
27891,27,27013,Cervo
27892,27,27019,Foz
27893,27,27019,Foz
28001,28,28079,Madrid
28002,28,28079,Madrid
28003,28,28079,Madrid
28004,28,28079,Madrid
28005,28,28079,Madrid
28006,28,28079,Madrid
28007,28,28079,Madrid
28008,28,28079,Madrid
28009,28,28079,Madrid
28010,28,28079,Madrid
28011,28,28079,Madrid
28012,28,28079,Madrid
28013,28,28079,Madrid
28014,28,28079,Madrid
28015,28,28079,Madrid
28016,28,28079,Madrid
28017,28,28079,Madrid
28018,28,28079,Madrid
28019,28,28079,Madrid
28020,28,28079,Madrid
28021,28,28079,Madrid
28022,28,28079,Madrid
28023,28,28079,Madrid
28024,28,28079,Madrid
28025,28,28079,Madrid
28026,28,28079,Madrid
28027,28,28079,Madrid
28028,28,28079,Madrid
28029,28,28079,Madrid
28030,28,28079,Madrid
28031,28,28079,Madrid
28032,28,28079,Madrid
28033,28,28079,Madrid
28034,28,28079,Madrid
28035,28,28079,Madrid
28036,28,28079,Madrid
28037,28,28079,Madrid
28038,28,28079,Madrid
28039,28,28079,Madrid
28040,28,28079,Madrid
28041,28,28079,Madrid
28042,28,28079,Madrid
28043,28,28079,Madrid
28044,28,28079,Madrid
28045,28,28079,Madrid
28046,28,28079,Madrid
28047,28,28079,Madrid
28048,28,28079,Madrid
28049,28,28079,Madrid
28050,28,28079,Madrid
28051,28,28079,Madrid
28052,28,28079,Madrid
28053,28,28079,Madrid
28054,28,28079,Madrid
28055,28,28079,Madrid
28070,28,28070,Madrid (CP 28070)
28071,28,28071,Madrid (CP 28071)
28080,28,28080,Madrid (CP 28080)
28082,28,28082,Madrid (CP 28082)
28083,28,28083,Madrid (CP 28083)
28085,28,28085,Madrid (CP 28085)
28086,28,28086,Madrid (CP 28086)
28087,28,28087,Madrid (CP 28087)
28100,28,28006,Alcobendas
28108,28,28006,Alcobendas
28109,28,28006,Alcobendas
28110,28,28009,Algete
28119,28,28119,Cottolengo Del Padre Alegre
28120,28,28045,Colmenar Viejo
28130,28,28162,Valdeolmos-Alalpardo
28140,28,28059,Fuente el Saz de Jarama
28150,28,28164,Valdetorres de Jarama
28160,28,28145,Talamanca de Jarama
28170,28,28163,Valdepiélagos
28180,28,28151,Torrelaguna
28189,19,28107,Patones
28189,28,28107,Patones
28190,19,19067,"Cardoso de la Sierra, El"
28190,28,19067,"Cardoso de la Sierra, El"
28191,28,28071,Horcajuelo de la Sierra
28192,28,28021,"Berrueco, El"
28193,28,28039,Cervera de Buitrago
28194,28,28020,Berzosa del Lozoya
28195,28,28902,Puentes Viejas
28196,28,28902,Puentes Viejas
28200,28,28131,San Lorenzo de El Escorial
28209,28,28209,"Valle De Los Caidos, Sta Cruz"
28210,28,28095,Navalagamella
28211,28,28054,"Escorial, El"
28212,28,28054,"Escorial, El"
28213,28,28042,Colmenar del Arroyo
28214,28,28056,Fresnedillas de la Oliva
28219,28,28054,"Escorial, El"
28220,28,28080,Majadahonda
28221,28,28080,Majadahonda
28222,28,28080,Majadahonda
28223,28,28115,Pozuelo de Alarcón
28224,28,28115,Pozuelo de Alarcón
28229,28,28177,Villanueva del Pardillo
28230,28,28230,Las Rozas De Madrid
28231,28,28127,Las Rozas de Madrid
28232,28,28127,Las Rozas de Madrid
28240,28,28072,Hoyo de Manzanares
28248,28,28072,Hoyo de Manzanares
28250,28,28061,Galapagar
28260,28,28061,Galapagar
28270,28,28061,Galapagar
28279,28,28044,Colmenarejo
28280,28,28054,"Escorial, El"
28290,28,28127,Las Rozas de Madrid
28292,28,28054,"Escorial, El"
28293,28,28183,Zarzalejo
28294,28,28125,Robledo de Chavela
28295,28,28159,Valdemaqueda
28296,28,28135,Santa María de la Alameda
28297,28,28135,Santa María de la Alameda
28300,28,28013,Aranjuez
28310,45,45310,El Espinar
28310,28,28310,Algodor
28311,28,28311,Castillejo
28312,28,28312,"Infantas, Las (Aranjuez)"
28320,28,28113,Pinto
28330,28,28132,San Martín de la Vega
28339,28,28339,La Boyeriza
28340,28,28161,Valdemoro
28341,28,28161,Valdemoro
28342,28,28161,Valdemoro
28343,28,28161,Valdemoro
28350,28,28040,Ciempozuelos
28359,28,28147,Titulcia
28360,28,28170,Villaconejos
28370,28,28052,Chinchón
28380,28,28043,Colmenar de Oreja
28390,28,28019,Belmonte de Tajo
28391,28,28157,Valdelaguna
28400,28,28047,Collado Villalba
28410,28,28082,Manzanares el Real
28411,28,28090,Moralzarzal
28412,28,28023,El Boalo
28413,28,28023,El Boalo
28419,28,28419,Nieves Y Sol
28420,28,28061,Galapagar
28430,28,28010,Alpedrete
28440,28,28068,Guadarrama
28450,28,28046,Collado Mediano
28459,28,28459,Monte Golf
28460,28,28087,"Molinos, Los"
28470,28,28038,Cercedilla
28479,28,28479,Las Dehesas
28480,28,28068,Guadarrama
28490,28,28018,Becerril de la Sierra
28491,28,28093,Navacerrada
28492,28,28023,El Boalo
28500,28,28014,Arganda del Rey
28510,28,28033,Campo Real
28511,28,28165,Valdilecha
28512,28,28179,Villar del Olmo
28513,28,28513,Las Villas De Nuevo Baztan
28514,28,28100,Nuevo Baztán
28515,28,28101,Olmeda de las Fuentes
28521,28,28123,Rivas-Vaciamadrid
28522,28,28123,Rivas-Vaciamadrid
28523,28,28123,Rivas-Vaciamadrid
28524,28,28123,Rivas-Vaciamadrid
28529,28,28529,Rivas-Vaciamadrid
28530,28,28091,Morata de Tajuña
28540,28,28110,Perales de Tajuña
28550,28,28146,Tielmes
28560,28,28035,Carabaña
28570,28,28102,Orusco de Tajuña
28580,28,28011,Ambite
28590,28,28180,Villarejo de Salvanés
28594,28,28155,Valdaracete
28595,28,28055,Estremera
28596,28,28025,Brea de Tajo
28597,28,28060,Fuentidueña de Tajo
28598,28,28173,Villamanrique de Tajo
28600,28,28096,Navalcarnero
28607,28,28004,"Álamo, El"
28609,28,28175,Villamantilla
28610,28,28174,Villamanta
28620,28,28008,Aldea del Fresno
28630,28,28171,Villa del Prado
28640,28,28031,Cadalso de los Vidrios
28648,28,28031,Cadalso de los Vidrios
28649,28,28128,Rozas de Puerto Real
28650,28,28037,Cenicientos
28660,28,28022,Boadilla del Monte
28668,28,28668,Monteprincipe
28669,28,28669,Parque Boadilla
28670,28,28181,Villaviciosa de Odón
28679,28,28679,Residencia Ancianos (Villaviciosa Odon)
28680,28,28133,San Martín de Valdeiglesias
28690,28,28026,Brunete
28691,28,28176,Villanueva de la Cañada
28692,28,28176,Villanueva de la Cañada
28693,28,28119,Quijorna
28694,28,28051,Chapinería
28695,28,28099,Navas del Rey
28696,28,28109,Pelayos de la Presa
28700,28,28134,San Sebastián de los Reyes
28701,28,28134,San Sebastián de los Reyes
28702,28,28134,San Sebastián de los Reyes
28703,28,28134,San Sebastián de los Reyes
28706,28,28134,San Sebastián de los Reyes
28707,28,28045,Colmenar Viejo
28708,28,28134,San Sebastián de los Reyes
28709,28,28134,San Sebastián de los Reyes
28710,28,28086,"Molar, El"
28720,28,28028,Bustarviejo
28721,28,28121,Redueña
28722,28,28168,"Vellón, El"
28723,28,28108,Pedrezuela
28729,28,28094,Navalafuente
28730,28,28027,Buitrago del Lozoya
28737,28,28024,Braojos
28739,28,28097,Navarredonda y San Mamés
28740,28,28120,Rascafría
28741,28,28741,"Paular, Real El (Monasterio)"
28742,28,28003,Alameda del Valle
28743,28,28034,Canencia
28749,28,28112,Pinilla del Valle
28750,28,28045,Colmenar Viejo
28751,28,28030,"Cabrera, La"
28752,28,28901,Lozoyuela-Navas-Sieteiglesias
28753,28,28901,Lozoyuela-Navas-Sieteiglesias
28754,28,28902,Puentes Viejas
28755,28,28001,"Acebeda, La"
28756,28,28143,Somosierra
28760,28,28903,Tres Cantos
28770,28,28045,Colmenar Viejo
28791,28,28144,Soto del Real
28792,28,28085,Miraflores de la Sierra
28793,28,28793,Los Endrinales
28794,28,28067,Guadalix de la Sierra
28800,28,28800,Alcala De Henares
28801,28,28005,Alcalá de Henares
28802,28,28005,Alcalá de Henares
28803,28,28005,Alcalá de Henares
28804,28,28005,Alcalá de Henares
28805,28,28005,Alcalá de Henares
28806,28,28005,Alcalá de Henares
28807,28,28004,"Álamo, El"
28810,28,28172,Villalbilla
28811,28,28048,Corpa
28812,28,28166,Valverde de Alcalá
28813,28,28116,Pozuelo del Rey
28814,28,28053,Daganzo de Arriba
28815,28,28057,Fresno de Torote
28816,28,28032,Camarma de Esteruelas
28817,28,28137,"Santos de la Humosa, Los"
28818,28,28012,Anchuelo
28820,28,28820,Coslada
28821,28,28049,Coslada
28822,28,28049,Coslada
28823,28,28049,Coslada
28830,28,28130,San Fernando de Henares
28840,28,28084,Mejorada del Campo
28850,28,28148,Torrejón de Ardoz
28851,28,28851,Parque Corredor Del Henares (Mercado)
28860,28,28104,Paracuellos de Jarama
28861,28,28104,Paracuellos de Jarama
28862,28,28104,Paracuellos de Jarama
28863,28,28041,Cobeña
28864,28,28002,Ajalvir
28870,28,28870,Alcala De Henares
28880,28,28083,Meco
28890,28,28075,Loeches
28891,28,28167,Velilla de San Antonio
28900,28,28900,Getafe
28901,28,28065,Getafe
28902,28,28065,Getafe
28903,28,28065,Getafe
28904,28,28065,Getafe
28905,28,28065,Getafe
28906,28,28065,Getafe
28907,28,28065,Getafe
28909,28,28065,Getafe
28910,28,28910,Leganes
28911,28,28074,Leganés
28912,28,28074,Leganés
28913,28,28074,Leganés
28914,28,28074,Leganés
28915,28,28074,Leganés
28916,28,28074,Leganés
28917,28,28074,Leganés
28918,28,28074,Leganés
28919,28,28074,Leganés
28920,28,28920,Alcorcon
28921,28,28007,Alcorcón
28922,28,28007,Alcorcón
28923,28,28007,Alcorcón
28924,28,28007,Alcorcón
28925,28,28007,Alcorcón
28930,28,28930,Mostoles
28931,28,28092,Móstoles
28932,28,28092,Móstoles
28933,28,28092,Móstoles
28934,28,28092,Móstoles
28935,28,28092,Móstoles
28936,28,28092,Móstoles
28937,28,28092,Móstoles
28938,28,28092,Móstoles
28939,28,28015,Arroyomolinos
28940,28,28940,Fuenlabrada
28941,28,28058,Fuenlabrada
28942,28,28058,Fuenlabrada
28943,28,28058,Fuenlabrada
28944,28,28058,Fuenlabrada
28945,28,28058,Fuenlabrada
28946,28,28058,Fuenlabrada
28947,28,28058,Fuenlabrada
28950,28,28089,Moraleja de Enmedio
28970,28,28073,Humanes de Madrid
28971,28,28066,Griñón
28976,28,28017,Batres
28977,28,28036,Casarrubuelos
28978,28,28050,Cubas de la Sagra
28979,28,28140,Serranillos del Valle
28980,28,28980,Parla
28981,28,28106,Parla
28982,28,28106,Parla
28983,28,28106,Parla
28984,28,28106,Parla
28990,28,28150,Torrejón de Velasco
28991,28,28149,Torrejón de la Calzada
29001,29,29067,Málaga
29002,29,29067,Málaga
29003,29,29067,Málaga
29004,29,29067,Málaga
29005,29,29067,Málaga
29006,29,29067,Málaga
29007,29,29067,Málaga
29008,29,29067,Málaga
29009,29,29067,Málaga
29010,29,29067,Málaga
29011,29,29067,Málaga
29012,29,29067,Málaga
29013,29,29067,Málaga
29014,29,29067,Málaga
29015,29,29067,Málaga
29016,29,29067,Málaga
29017,29,29067,Málaga
29018,29,29067,Málaga
29070,29,29070,Málaga (CP 29070)
29071,29,29071,Málaga (CP 29071)
29080,29,29080,Málaga (CP 29080)
29100,29,29042,Coín
29108,29,29058,Guaro
29109,29,29090,Tolox
29110,29,29073,Monda
29120,29,29008,Alhaurín el Grande
29130,29,29007,Alhaurín de la Torre
29140,29,29067,Málaga
29150,29,29011,Almogía
29160,29,29039,Casabermeja
29170,29,29043,Colmenar
29180,29,29083,Riogordo
29190,29,29067,Málaga
29193,29,29067,Málaga
29194,29,29003,Alfarnate
29195,29,29044,Comares
29196,29,29067,Málaga
29197,29,29067,Málaga
29200,29,29015,Antequera
29210,29,29049,Cuevas de San Marcos
29220,29,29047,Cuevas Bajas
29230,29,29902,Villanueva de la Concepción
29239,29,29239,Arroyo Coche (Almogia)
29240,29,29093,Valle de Abdalajís
29250,29,29015,Antequera
29260,29,29015,Antequera
29300,29,29017,Archidona
29310,29,29095,Villanueva de Algaidas
29311,29,29095,Villanueva de Algaidas
29312,29,29096,Villanueva del Rosario
29313,29,29097,Villanueva del Trabuco
29314,29,29015,Antequera
29315,29,29098,Villanueva de Tapia
29320,29,29032,Campillos
29327,29,29089,Teba
29328,29,29088,Sierra de Yeguas
29329,29,29088,Sierra de Yeguas
29330,29,29010,Almargen
29340,29,29035,Cañete la Real
29350,29,29020,Arriate
29360,29,29074,Montejaque
29370,29,29028,Benaoján
29380,29,29046,Cortes de la Frontera
29391,29,29046,Cortes de la Frontera
29392,29,29063,Jimera de Líbar
29393,29,29393,La Indiana
29394,29,29084,Ronda
29395,29,29395,Cañete La Real (Estacion)
29400,29,29904,Serrato
29410,29,29100,Yunquera
29420,29,29031,"Burgo, El"
29430,29,29084,Ronda
29440,29,29060,Igualeja
29450,29,29081,Pujerra
29451,29,29077,Parauta
29452,29,29037,Cartajima
29460,29,29014,Alpandeire
29461,29,29052,Faraján
29462,29,29065,Júzcar
29470,29,29067,Málaga
29471,29,29904,Serrato
29480,29,29056,Gaucín
29490,29,29029,Benarrabá
29491,29,29024,Benalauría
29492,29,29057,Genalguacil
29493,29,29022,Benadalid
29494,29,29021,Atajate
29500,29,29012,Álora
29510,29,29012,Álora
29520,29,29055,Fuente de Piedra
29530,29,29001,Alameda
29531,29,29059,Humilladero
29532,29,29072,Mollina
29533,29,29059,Humilladero
29540,29,29015,Antequera
29550,29,29018,Ardales
29551,29,29036,Carratraca
29552,29,29018,Ardales
29560,29,29080,Pizarra
29566,29,29040,Casarabonela
29567,29,29013,Alozaina
29569,29,29080,Pizarra
29570,29,29038,Cártama
29580,29,29038,Cártama
29590,29,29067,Málaga
29591,29,29067,Málaga
29593,29,29012,Álora
29600,29,29600,Marbella
29601,29,29069,Marbella
29602,29,29069,Marbella
29603,29,29069,Marbella
29604,29,29069,Marbella
29610,29,29076,Ojén
29611,29,29061,Istán
29612,29,29076,Ojén
29620,29,29067,Málaga
29630,29,29025,Benalmádena
29631,29,29025,Benalmádena
29639,29,29025,Benalmádena
29640,29,29054,Fuengirola
29649,29,29070,Mijas
29650,29,29070,Mijas
29651,29,29070,Mijas
29660,29,29069,Marbella
29670,29,29069,Marbella
29678,29,29678,Artola (Benahavis)
29679,29,29023,Benahavís
29680,29,29051,Estepona
29688,29,29051,Estepona
29689,29,29051,Estepona
29690,29,29041,Casares
29691,29,29068,Manilva
29692,29,29041,Casares
29693,29,29051,Estepona
29700,29,29094,Vélez-Málaga
29710,29,29079,Periana
29711,29,29002,Alcaucín
29712,29,29099,Viñuela
29713,29,29002,Alcaucín
29714,29,29085,Salares
29715,29,29087,Sedella
29716,29,29033,Canillas de Aceituno
29718,29,29094,Vélez-Málaga
29719,29,29094,Vélez-Málaga
29720,29,29067,Málaga
29730,29,29082,Rincón de la Victoria
29738,29,29071,Moclinejo
29740,29,29094,Vélez-Málaga
29749,29,29094,Vélez-Málaga
29750,29,29094,Vélez-Málaga
29751,29,29094,Vélez-Málaga
29752,29,29086,Sayalonga
29753,29,29019,Arenas
29754,29,29045,Cómpeta
29755,29,29034,Canillas de Albaida
29760,29,29094,Vélez-Málaga
29770,29,29091,Torrox
29780,29,29075,Nerja
29787,29,29075,Nerja
29788,29,29053,Frigiliana
29789,29,29053,Frigiliana
29790,29,29094,Vélez-Málaga
29791,29,29066,Macharaviaya
29792,29,29094,Vélez-Málaga
29793,29,29091,Torrox
30001,30,30030,Murcia
30002,30,30030,Murcia
30003,30,30030,Murcia
30004,30,30030,Murcia
30005,30,30030,Murcia
30006,30,30030,Murcia
30007,30,30030,Murcia
30008,30,30030,Murcia
30009,30,30030,Murcia
30010,30,30030,Murcia
30011,30,30030,Murcia
30012,30,30030,Murcia
30070,30,30070,Murcia (CP 30070)
30071,30,30071,Murcia (CP 30071)
30080,30,30080,Murcia (CP 30080)
30100,30,30030,Murcia
30107,30,30030,Murcia
30108,30,30030,Murcia
30109,30,30109,"Jeronimos, Los (Los Jeronimos)"
30110,30,30030,Murcia
30120,30,30030,Murcia
30130,30,30010,Beniel
30139,30,30030,Murcia
30140,30,30901,Santomera
30148,30,30901,Santomera
30149,30,30901,Santomera
30150,30,30030,Murcia
30151,30,30030,Murcia
30152,30,30030,Murcia
30153,30,30030,Murcia
30154,30,30030,Murcia
30155,30,30030,Murcia
30156,30,30030,Murcia
30157,30,30030,Murcia
30158,30,30030,Murcia
30160,30,30030,Murcia
30161,30,30030,Murcia
30162,30,30030,Murcia
30163,30,30030,Murcia
30164,30,30030,Murcia
30165,30,30030,Murcia
30166,30,30030,Murcia
30167,30,30030,Murcia
30168,30,30030,Murcia
30169,30,30030,Murcia
30170,30,30029,Mula
30176,30,30032,Pliego
30177,30,30029,Mula
30178,30,30029,Mula
30179,30,30030,Murcia
30180,30,30012,Bullas
30189,30,30012,Bullas
30190,30,30004,Albudeite
30191,30,30014,Campos del Río
30192,30,30014,Campos del Río
30193,30,30029,Mula
30194,30,30029,Mula
30195,30,30015,Caravaca de la Cruz
30196,30,30196,Bajil
30200,30,30200,Cartagena
30201,30,30016,Cartagena
30202,30,30016,Cartagena
30203,30,30016,Cartagena
30204,30,30016,Cartagena
30205,30,30016,Cartagena
30300,30,30016,Cartagena
30310,30,30016,Cartagena
30319,30,30016,Cartagena
30320,30,30021,Fuente Álamo de Murcia
30329,30,30329,El Espinar
30330,30,30016,Cartagena
30331,30,30030,Murcia
30332,30,30021,Fuente Álamo de Murcia
30333,30,30021,Fuente Álamo de Murcia
30334,30,30021,Fuente Álamo de Murcia
30335,30,30026,Mazarrón
30338,30,30021,Fuente Álamo de Murcia
30350,30,30016,Cartagena
30351,30,30016,Cartagena
30353,30,30353,Poligono Industrial Cabezo Beaza
30360,30,30041,"Unión, La"
30364,30,30041,"Unión, La"
30365,30,30016,Cartagena
30366,30,30016,Cartagena
30367,30,30016,Cartagena
30368,30,30016,Cartagena
30369,30,30041,"Unión, La"
30370,30,30035,San Javier
30380,30,30035,San Javier
30381,30,30016,Cartagena
30382,30,30016,Cartagena
30383,30,30016,Cartagena
30384,30,30016,Cartagena
30385,30,30016,Cartagena
30389,30,30389,"Manga Club, La (Urbanizacion)"
30390,30,30016,Cartagena
30391,30,30016,Cartagena
30392,30,30016,Cartagena
30393,30,30016,Cartagena
30394,30,30016,Cartagena
30395,30,30016,Cartagena
30396,30,30016,Cartagena
30397,30,30016,Cartagena
30398,30,30016,Cartagena
30399,30,30016,Cartagena
30400,30,30015,Caravaca de la Cruz
30410,30,30015,Caravaca de la Cruz
30411,30,30015,Caravaca de la Cruz
30412,30,30015,Caravaca de la Cruz
30413,30,30028,Moratalla
30414,30,30414,Entredicho
30420,30,30013,Calasparra
30430,30,30017,Cehegín
30438,30,30438,Campillo Y Suertes
30439,30,30017,Cehegín
30440,30,30028,Moratalla
30441,30,30028,Moratalla
30442,30,30028,Moratalla
30500,30,30027,Molina de Segura
30506,30,30027,Molina de Segura
30507,30,30027,Molina de Segura
30508,30,30027,Molina de Segura
30509,30,30027,Molina de Segura
30510,30,30043,Yecla
30520,30,30022,Jumilla
30528,30,30022,Jumilla
30529,30,30022,Jumilla
30530,30,30019,Cieza
30535,30,30535,Ascoy
30540,30,30011,Blanca
30550,30,30002,Abarán
30558,30,30558,Candelon
30559,30,30002,Abarán
30560,30,30007,Alguazas
30561,30,30007,Alguazas
30562,30,30018,Ceutí
30563,30,30018,Ceutí
30564,30,30025,Lorquí
30565,30,30038,Las Torres de Cotillas
30566,30,30566,La Condomina
30570,30,30030,Murcia
30579,30,30030,Murcia
30580,30,30030,Murcia
30588,30,30030,Murcia
30589,30,30030,Murcia
30590,30,30030,Murcia
30591,30,30037,Torre-Pacheco
30592,30,30037,Torre-Pacheco
30593,30,30016,Cartagena
30594,30,30016,Cartagena
30600,30,30009,Archena
30609,30,30009,Archena
30610,30,30034,Ricote
30611,30,30031,Ojós
30612,30,30040,Ulea
30613,30,30042,Villanueva del Río Segura
30620,30,30020,Fortuna
30626,30,30020,Fortuna
30627,30,30627,Hurona
30628,30,30020,Fortuna
30629,30,30020,Fortuna
30640,30,30001,Abanilla
30648,30,30001,Abanilla
30649,30,30001,Abanilla
30700,30,30037,Torre-Pacheco
30708,30,30037,Torre-Pacheco
30709,30,30037,Torre-Pacheco
30710,30,30037,Torre-Pacheco
30720,30,30035,San Javier
30729,30,30035,San Javier
30730,30,30035,San Javier
30739,30,30037,Torre-Pacheco
30740,30,30036,San Pedro del Pinatar
30800,30,30024,Lorca
30810,30,30024,Lorca
30811,30,30024,Lorca
30812,30,30024,Lorca
30813,30,30024,Lorca
30814,30,30024,Lorca
30815,30,30024,Lorca
30816,30,30024,Lorca
30817,30,30024,Lorca
30818,30,30024,Lorca
30820,30,30005,Alcantarilla
30830,30,30030,Murcia
30831,30,30030,Murcia
30832,30,30030,Murcia
30833,30,30030,Murcia
30834,30,30024,Lorca
30835,30,30030,Murcia
30836,30,30030,Murcia
30837,30,30030,Murcia
30840,30,30008,Alhama de Murcia
30848,30,30008,Alhama de Murcia
30849,30,30008,Alhama de Murcia
30850,30,30039,Totana
30858,30,30026,Mazarrón
30859,30,30006,Aledo
30860,30,30026,Mazarrón
30868,30,30026,Mazarrón
30870,30,30026,Mazarrón
30875,30,30026,Mazarrón
30876,30,30026,Mazarrón
30877,30,30026,Mazarrón
30878,30,30026,Mazarrón
30879,30,30026,Mazarrón
30880,30,30003,Águilas
30889,30,30003,Águilas
30890,30,30033,Puerto Lumbreras
30891,30,30033,Puerto Lumbreras
30892,30,30023,Librilla
30893,30,30024,Lorca
31001,31,31201,Pamplona
31002,31,31201,Pamplona
31003,31,31201,Pamplona
31004,31,31201,Pamplona
31005,31,31201,Pamplona
31006,31,31201,Pamplona
31007,31,31201,Pamplona
31008,31,31201,Pamplona
31009,31,31201,Pamplona
31010,31,31201,Pamplona
31011,31,31201,Pamplona
31012,31,31201,Pamplona
31013,31,31902,Berrioplano/Berriobeiti
31014,31,31201,Pamplona
31015,31,31201,Pamplona
31016,31,31201,Pamplona
31070,31,31070,Pamplona/Iruña
31071,31,31071,Pamplona/Iruña
31080,31,31080,Pamplona/Iruña
31100,31,31206,Puente la Reina/Gares
31109,31,31039,Artazu
31110,31,31088,Noáin (Valle de Elorz)/Noain (Elortzibar)
31119,31,31088,Noáin (Valle de Elorz)/Noain (Elortzibar)
31130,31,31161,Mañeru
31131,31,31074,Cirauqui/Zirauki
31132,31,31257,Villatuerta
31133,31,31147,Legarda
31140,31,31038,Artajona
31150,31,31167,Mendigorría
31151,31,31183,Obanos
31152,31,31180,Muruzábal
31153,31,31007,Adiós
31154,31,31018,Añorbe
31160,31,31906,Orkoien
31170,31,31193,Cendea de Olza/Oltza Zendea
31171,31,31193,Cendea de Olza/Oltza Zendea
31172,31,31194,Ollo
31173,31,31193,Cendea de Olza/Oltza Zendea
31174,31,31085,Etxauri
31175,31,31120,Guesálaz/Gesalatz
31176,31,31120,Guesálaz/Gesalatz
31177,31,31260,Valle de Yerri/Deierri
31178,31,31002,Abárzuza/Abartzuza
31179,31,31260,Valle de Yerri/Deierri
31180,31,31907,Zizur Mayor/Zizur Nagusia
31190,31,31076,Cizur
31191,31,31109,Galar
31192,31,31023,Aranguren
31193,31,31040,Atez
31194,31,31101,Ezcabarte
31195,31,31902,Berrioplano/Berriobeiti
31200,31,31097,Estella-Lizarra
31208,31,31041,Ayegui / Aiegi
31210,31,31029,"Arcos, Los"
31219,31,31175,Mues
31220,31,31219,Sansol
31227,31,31141,Lapoblación
31228,31,31096,Espronceda
31229,31,31079,Desojo
31230,31,31251,Viana
31239,31,31026,Aras
31240,31,31041,Ayegui / Aiegi
31241,31,31168,Metauten
31242,31,31255,Villamayor de Monjardín
31243,31,31036,Arróniz
31250,31,31200,Oteiza
31251,31,31142,Larraga
31252,31,31053,Berbinzana
31253,31,31171,Miranda de Arga
31254,31,31254,Vergalijo
31260,31,31152,Lerín
31261,31,31015,Andosilla
31262,31,31012,Allo
31263,31,31030,Arellano
31264,31,31005,Aberin
31270,31,31143,Larraona
31271,31,31021,Aranarache / Aranaratxe
31272,31,31013,Améscoa Baja
31280,31,31177,Murieta
31281,31,31099,Etayo
31282,31,31182,Nazar
31283,31,31139,Lana
31284,31,31265,Zúñiga
31290,31,31260,Valle de Yerri/Deierri
31291,31,31120,Guesálaz/Gesalatz
31292,31,31257,Villatuerta
31293,31,31224,Sesma
31300,31,31227,Tafalla
31310,31,31067,Carcastillo
31311,31,31067,Carcastillo
31312,31,31069,Cáseda
31313,31,31179,Murillo el Fruto
31314,31,31220,Santacara
31315,31,31178,Murillo el Cuende
31320,31,31169,Milagro
31330,31,31254,Villafranca
31340,31,31163,Marcilla
31350,31,31202,Peralta/Azkoien
31360,31,31107,Funes
31370,31,31104,Falces
31380,31,31065,Caparroso
31382,31,31164,Mélida
31383,31,31178,Murillo el Cuende
31390,31,31191,Olite/Erriberri
31391,31,31178,Murillo el Cuende
31392,31,31205,Pitillas
31393,31,31051,Beire
31394,31,31207,Pueyo
31395,31,31045,Barásoain
31396,31,31192,Olóriz/Oloritz
31397,31,31228,Tiebas-Muruarte de Reta
31398,31,31056,Biurrun-Olcoz
31400,31,31216,Sangüesa/Zangoza
31409,31,31135,Javier
31410,31,31261,Yesa
31411,31,31135,Javier
31412,31,31059,Burgui/Burgi
31413,31,31252,Vidángoz/Bidankoze
31414,31,31113,Garde
31415,31,31210,Roncal/Erronkari
31416,31,31245,Urzainqui/Urzainki
31417,31,31128,Isaba/Izaba
31418,31,31247,Uztárroz/Uztarroze
31420,31,31243,Urroz-Villa
31421,31,31132,Izagaondoa
31422,31,31237,Unciti
31430,31,31019,Aoiz/Agoitz
31438,31,31158,Lónguida/Longida
31439,31,31158,Lónguida/Longida
31440,31,31159,Lumbier
31448,31,31209,Romanzado
31449,31,31242,Urraul Bajo
31450,31,31181,Navascués/Nabaskoze
31451,31,31111,Gallués/Galoze
31452,31,31119,Güesa/Gorza
31453,31,31095,Esparza de Salazar/Espartza Zaraitzu
31454,31,31071,Castillonuevo
31460,31,31009,Aibar/Oibar
31470,31,31088,Noáin (Valle de Elorz)/Noain (Elortzibar)
31471,31,31172,Monreal/Elo
31472,31,31237,Unciti
31473,31,31124,Ibargoiti
31480,31,31242,Urraul Bajo
31481,31,31158,Lónguida/Longida
31482,31,31156,Lizoáin-Arriasgoiti
31483,31,31156,Lizoáin-Arriasgoiti
31484,31,31156,Lizoáin-Arriasgoiti
31485,31,31156,Lizoáin-Arriasgoiti
31486,31,31086,Egüés
31487,31,31155,Liédena
31490,31,31069,Cáseda
31491,31,31103,Ezprogui
31492,31,31103,Ezprogui
31493,31,31110,Gallipienzo/Galipentzu
31494,31,31094,Eslava
31495,31,31217,San Martín de Unx
31496,31,31235,Ujué
31500,31,31232,Tudela
31510,31,31108,Fustiñana
31511,31,31062,Cabanillas
31512,31,31106,Fontellas
31513,31,31032,Arguedas
31514,31,31249,Valtierra
31515,31,31064,Cadreita
31520,31,31068,Cascante
31521,31,31176,Murchante
31522,31,31233,Tulebras
31523,31,31006,Ablitas
31530,31,31078,Cortes
31540,31,31057,Buñuel
31550,31,31208,Ribaforada
31560,31,31042,Azagra
31570,31,31215,San Adrián
31579,31,31066,Cárcar
31580,31,31157,Lodosa
31587,31,31165,Mendavia
31588,31,31145,Lazagurría
31589,31,31223,Sartaguda
31590,31,31070,Castejón
31591,31,31077,Corella
31592,31,31072,Cintruénigo
31593,31,31105,Fitero
31600,31,31060,Burlada/Burlata
31610,31,31258,Villava/Atarrabia
31620,31,31086,Egüés
31621,31,31086,Egüés
31630,31,31098,Esteribar
31638,31,31092,Erro
31639,31,31092,Erro
31640,31,31058,Auritz/Burguete
31650,31,31211,Orreaga/Roncesvalles
31660,31,31248,Luzaide/Valcarlos
31670,31,31195,Orbaizeta
31671,31,31196,Orbara
31680,31,31185,Ochagavía/Otsagabia
31689,31,31133,Izalzu/Itzaltzu
31690,31,31093,Ezcároz/Ezkaroze
31691,31,31134,Jaurrieta
31692,31,31003,Abaurregaina/Abaurrea Alta
31693,31,31115,Garralda
31694,31,31092,Erro
31695,31,31092,Erro
31696,31,31092,Erro
31697,31,31092,Erro
31698,31,31098,Esteribar
31699,31,31092,Erro
31700,31,31050,Baztan
31710,31,31264,Zugarramurdi
31711,31,31239,Urdazubi/Urdax
31712,31,31239,Urdazubi/Urdax
31713,31,31050,Baztan
31714,31,31050,Baztan
31715,31,31050,Baztan
31720,31,31050,Baztan
31730,31,31050,Baztan
31740,31,31221,Doneztebe/Santesteban
31744,31,31087,Elgorriaga
31745,31,31129,Ituren
31746,31,31263,Zubieta
31747,31,31213,Saldías
31748,31,31090,Eratsun
31749,31,31102,Ezkurra
31750,31,31081,Donamaria
31751,31,31187,Oitz
31752,31,31244,Urrotz
31753,31,31137,Beintza-Labaien
31754,31,31024,Arano
31760,31,31082,Etxalar
31770,31,31153,Lesaka
31780,31,31250,Bera
31789,31,31250,Bera
31790,31,31022,Arantza
31791,31,31226,Sunbilla
31792,31,31054,Bertizarana
31793,31,31054,Bertizarana
31794,31,31050,Baztan
31795,31,31050,Baztan
31796,31,31050,Baztan
31797,31,31236,Ultzama
31798,31,31140,Lantz
31799,31,31186,Odieta
31800,31,31010,Altsasu/Alsasua
31809,31,31073,Ziordia
31810,31,31044,Bakaiku
31820,31,31084,Etxarri-Aranatz
31829,31,31091,Ergoiena
31830,31,31138,Lakuntza
31839,31,31027,Arbizu
31840,31,31037,Arruazu
31849,31,31025,Arakil
31850,31,31025,Arakil
31860,31,31904,Irurtzun
31866,31,31049,Basaburua
31867,31,31040,Atez
31868,31,31025,Arakil
31869,31,31049,Basaburua
31870,31,31908,Lekunberri
31876,31,31031,Areso
31877,31,31144,Larraun
31878,31,31144,Larraun
31879,31,31144,Larraun
31880,31,31149,Leitza
31890,31,31055,Betelu
31891,31,31020,Araitz
31892,31,31131,Iza/Itza
32001,32,32054,Ourense
32002,32,32008,Barbadás
32003,32,32054,Ourense
32004,32,32054,Ourense
32005,32,32008,Barbadás
32070,32,32070,Ourense (CP 32070)
32071,32,32071,Ourense (CP 32071)
32080,32,32080,Ourense (CP 32080)
32100,32,32026,Coles
32101,32,32087,Vilamarín
32102,32,32087,Vilamarín
32103,32,32054,Ourense
32111,32,32055,Paderne de Allariz
32112,32,32112,Paderne (Paderne De Allariz)
32120,32,32087,Vilamarín
32130,32,32076,San Cristovo de Cea
32135,32,32076,San Cristovo de Cea
32136,32,32076,San Cristovo de Cea
32137,32,32076,San Cristovo de Cea
32138,32,32061,Piñor
32139,32,32076,San Cristovo de Cea
32140,32,32087,Vilamarín
32141,32,32076,San Cristovo de Cea
32150,32,32059,"Peroxa, A"
32151,32,32059,"Peroxa, A"
32152,32,32026,Coles
32153,32,32026,Coles
32160,32,32052,Nogueira de Ramuín
32161,32,32052,Nogueira de Ramuín
32164,32,32052,Nogueira de Ramuín
32170,32,32002,Amoeiro
32172,32,32002,Amoeiro
32200,32,32027,Cortegada
32211,32,32027,Cortegada
32212,32,32033,Gomesende
32213,32,32027,Cortegada
32226,32,32056,Padrenda
32227,32,32056,Padrenda
32228,32,32056,Padrenda
32229,32,32056,Padrenda
32235,32,32064,Pontedeva
32236,32,32056,Padrenda
32300,32,32009,"Barco de Valdeorras, O"
32310,32,32073,Rubiá
32311,32,32073,Rubiá
32312,32,32073,Rubiá
32314,32,32009,"Barco de Valdeorras, O"
32315,32,32009,"Barco de Valdeorras, O"
32317,32,32009,"Barco de Valdeorras, O"
32318,32,32009,"Barco de Valdeorras, O"
32320,32,32073,Rubiá
32329,32,32017,Carballeda de Valdeorras
32330,32,32017,Carballeda de Valdeorras
32334,32,32017,Carballeda de Valdeorras
32336,32,32017,Carballeda de Valdeorras
32337,32,32017,Carballeda de Valdeorras
32338,32,32017,Carballeda de Valdeorras
32340,32,32088,Vilamartín de Valdeorras
32348,32,32088,Vilamartín de Valdeorras
32350,32,32072,"Rúa, A"
32356,32,32060,Petín
32357,32,32015,"Bolo, O"
32358,32,32038,Larouco
32360,32,32083,"Veiga, A"
32365,32,32083,"Veiga, A"
32366,32,32083,"Veiga, A"
32368,32,32083,"Veiga, A"
32369,32,32083,"Veiga, A"
32370,32,32060,Petín
32371,32,32060,Petín
32372,32,32015,"Bolo, O"
32373,32,32015,"Bolo, O"
32375,32,32015,"Bolo, O"
32400,32,32069,Ribadavia
32410,32,32046,Melón
32411,32,32046,Melón
32412,32,32018,Carballeda de Avia
32413,32,32018,Carballeda de Avia
32415,32,32069,Ribadavia
32416,32,32069,Ribadavia
32417,32,32052,Nogueira de Ramuín
32418,32,32069,Ribadavia
32419,32,32419,Barzamedelle (Bieite)
32420,32,32040,Leiro
32425,32,32040,Leiro
32426,32,32040,Leiro
32428,32,32040,Leiro
32429,32,32040,Leiro
32430,32,32022,Castrelo de Miño
32431,32,32010,Beade
32432,32,32010,Beade
32433,32,32018,Carballeda de Avia
32440,32,32059,"Peroxa, A"
32448,32,32052,Nogueira de Ramuín
32449,32,32059,"Peroxa, A"
32450,32,32025,Cenlle
32452,32,32065,Punxín
32453,32,32074,San Amaro
32454,32,32025,Cenlle
32455,32,32074,San Amaro
32456,32,32065,Punxín
32457,32,32065,Punxín
32459,32,32025,Cenlle
32500,32,32019,"Carballiño, O"
32510,32,32019,"Carballiño, O"
32512,32,32013,Boborás
32514,32,32013,Boborás
32515,32,32074,San Amaro
32516,32,32019,"Carballiño, O"
32520,32,32004,Avión
32521,32,32013,Boborás
32522,32,32013,Boborás
32523,32,32013,Boborás
32525,32,32013,Boborás
32526,32,32013,Boborás
32530,32,32013,Boborás
32534,32,32019,"Carballiño, O"
32536,32,32035,"Irixo, O"
32537,32,32035,"Irixo, O"
32539,32,32035,"Irixo, O"
32540,32,32034,"Gudiña, A"
32545,32,32034,"Gudiña, A"
32546,32,32034,"Gudiña, A"
32547,32,32092,Vilariño de Conso
32548,32,32048,A Mezquita
32549,32,32048,A Mezquita
32550,32,32086,Viana do Bolo
32551,32,32551,Conso
32552,32,32552,San Mamede (Vilariño Conso)
32554,32,32086,Viana do Bolo
32555,32,32086,Viana do Bolo
32556,32,32086,Viana do Bolo
32557,32,32092,Vilariño de Conso
32558,32,32086,Viana do Bolo
32560,32,32086,Viana do Bolo
32562,32,32086,Viana do Bolo
32563,32,32086,Viana do Bolo
32570,32,32045,Maside
32573,32,32573,Amarante (Maside)
32574,32,32045,Maside
32575,32,32045,Maside
32577,32,32045,Maside
32600,32,32085,Verín
32610,32,32071,Riós
32611,32,32050,Monterrei
32612,32,32021,Castrelo do Val
32613,32,32053,Oímbra
32615,32,32085,Verín
32616,32,32091,Vilardevós
32617,32,32091,Vilardevós
32618,32,32050,Monterrei
32619,32,32085,Verín
32620,32,32039,Laza
32621,32,32039,Laza
32622,32,32039,Laza
32624,32,32021,Castrelo do Val
32625,32,32021,Castrelo do Val
32626,32,32021,Castrelo do Val
32627,32,32627,"Rasela, A (Verin)"
32630,32,32032,Xinzo de Limia
32631,32,32032,Xinzo de Limia
32632,32,32005,Baltar
32633,32,32005,Baltar
32634,32,32012,"Blancos, Os"
32635,32,32032,Xinzo de Limia
32636,32,32032,Xinzo de Limia
32637,32,32032,Xinzo de Limia
32640,32,32032,Xinzo de Limia
32641,32,32062,Porqueira
32643,32,32062,Porqueira
32644,32,32016,Calvos de Randín
32646,32,32005,Baltar
32648,32,32016,Calvos de Randín
32650,32,32090,Vilar de Santos
32651,32,32090,Vilar de Santos
32652,32,32067,Rairiz de Veiga
32654,32,32067,Rairiz de Veiga
32655,32,32067,Rairiz de Veiga
32660,32,32001,Allariz
32664,32,32001,Allariz
32665,32,32001,Allariz
32666,32,32001,Allariz
32667,32,32001,Allariz
32668,32,32001,Allariz
32669,32,32001,Allariz
32670,32,32036,Xunqueira de Ambía
32678,32,32036,Xunqueira de Ambía
32679,32,32036,Xunqueira de Ambía
32680,32,32028,Cualedro
32688,32,32028,Cualedro
32689,32,32028,Cualedro
32690,32,32079,Taboadela
32691,32,32079,Taboadela
32692,32,32077,Sandiás
32693,32,32077,Sandiás
32695,32,32082,Trasmiras
32696,32,32082,Trasmiras
32697,32,32085,Verín
32698,32,32053,Oímbra
32699,32,32085,Verín
32700,32,32043,Maceda
32701,32,32007,Baños de Molgas
32702,32,32007,Baños de Molgas
32703,32,32043,Maceda
32704,32,32007,Baños de Molgas
32705,32,32007,Baños de Molgas
32706,32,32043,Maceda
32707,32,32043,Maceda
32708,32,32037,Xunqueira de Espadanedo
32710,32,32058,"Pereiro de Aguiar, O"
32711,32,32058,"Pereiro de Aguiar, O"
32720,32,32052,Nogueira de Ramuín
32730,32,32037,Xunqueira de Espadanedo
32740,32,32057,Parada de Sil
32747,32,32057,Parada de Sil
32748,32,32057,Parada de Sil
32749,32,32057,Parada de Sil
32750,32,32049,Montederramo
32751,32,32049,Montederramo
32760,32,32023,Castro Caldelas
32764,32,32023,Castro Caldelas
32765,32,32080,"Teixeira, A"
32766,32,32023,Castro Caldelas
32767,32,32029,Chandrexa de Queixa
32768,32,32023,Castro Caldelas
32769,32,32049,Montederramo
32770,32,32070,San Xoán de Río
32774,32,32023,Castro Caldelas
32778,32,32778,San Xurxo (Rio)
32779,32,32070,San Xoán de Río
32780,32,32063,"Pobra de Trives, A"
32781,32,32044,Manzaneda
32782,32,32044,Manzaneda
32784,32,32044,Manzaneda
32785,32,32044,Manzaneda
32786,32,32029,Chandrexa de Queixa
32787,32,32063,"Pobra de Trives, A"
32788,32,32063,"Pobra de Trives, A"
32789,32,32063,"Pobra de Trives, A"
32790,32,32049,Montederramo
32791,32,32052,Nogueira de Ramuín
32792,32,32058,"Pereiro de Aguiar, O"
32793,32,32058,"Pereiro de Aguiar, O"
32794,32,32023,Castro Caldelas
32800,32,32024,Celanova
32810,32,32068,Ramirás
32811,32,32068,Ramirás
32812,32,32069,Ribadavia
32813,32,32084,Verea
32814,32,32066,Quintela de Leirado
32815,32,32068,Ramirás
32816,32,32047,"Merca, A"
32817,32,32024,Celanova
32820,32,32020,Cartelle
32821,32,32020,Cartelle
32823,32,32020,Cartelle
32824,32,32020,Cartelle
32825,32,32020,Cartelle
32826,32,32020,Cartelle
32828,32,32024,Celanova
32830,32,32047,"Merca, A"
32838,32,32047,"Merca, A"
32839,32,32047,"Merca, A"
32840,32,32006,Bande
32846,32,32006,Bande
32847,32,32006,Bande
32848,32,32006,Bande
32849,32,32006,Bande
32850,32,32041,Lobeira
32858,32,32041,Lobeira
32859,32,32006,Bande
32860,32,32030,Entrimo
32868,32,32030,Entrimo
32869,32,32030,Entrimo
32870,32,32042,Lobios
32879,32,32042,Lobios
32880,32,32051,Muíños
32890,32,32008,Barbadás
32892,32,32042,Lobios
32895,32,32042,Lobios
32896,32,32051,Muíños
32897,32,32041,Lobeira
32898,32,32051,Muíños
32899,32,32051,Muíños
32900,32,32075,San Cibrao das Viñas
32901,32,32075,San Cibrao das Viñas
32910,32,32075,San Cibrao das Viñas
32911,32,32075,San Cibrao das Viñas
32915,32,32915,"Ponte Noalla, A"
32920,32,32008,Barbadás
32930,32,32008,Barbadás
32940,32,32008,Barbadás
32950,32,32026,Coles
32960,32,32054,Ourense
32970,32,32054,Ourense
32971,32,32054,Ourense
32980,32,32002,Amoeiro
32981,32,32054,Ourense
32990,32,32054,Ourense
33001,33,33044,Oviedo
33002,33,33044,Oviedo
33003,33,33044,Oviedo
33004,33,33044,Oviedo
33005,33,33044,Oviedo
33006,33,33044,Oviedo
33007,33,33044,Oviedo
33008,33,33044,Oviedo
33009,33,33044,Oviedo
33010,33,33066,Siero
33011,33,33044,Oviedo
33012,33,33044,Oviedo
33013,33,33044,Oviedo
33070,33,33070,Oviedo
33071,33,33071,Oviedo
33080,33,33080,Oviedo
33100,33,33100,Trubia
33111,33,33072,Teverga
33112,33,33052,Proaza
33114,33,33052,Proaza
33115,33,33064,Santo Adriano
33116,33,33052,Proaza
33117,33,33053,Quirós
33118,33,33053,Quirós
33119,33,33026,Grado
33120,33,33051,Pravia
33125,33,33069,Soto del Barco
33126,33,33069,Soto del Barco
33127,33,33051,Pravia
33128,33,33051,Pravia
33129,33,33051,Pravia
33130,33,33039,Muros de Nalón
33138,33,33039,Muros de Nalón
33139,33,33051,Pravia
33140,33,33044,Oviedo
33150,33,33021,Cudillero
33154,33,33154,La Paca
33155,33,33021,Cudillero
33156,33,33021,Cudillero
33157,33,33021,Cudillero
33158,33,33158,Cuesta Del Cesto
33159,33,33021,Cudillero
33160,33,33058,Riosa
33161,33,33038,Morcín
33162,33,33038,Morcín
33163,33,33038,Morcín
33170,33,33044,Oviedo
33171,33,33044,Oviedo
33172,33,33057,La Ribera
33173,33,33057,La Ribera
33174,33,33044,Oviedo
33180,33,33042,Noreña
33186,33,33066,Siero
33187,33,33066,Siero
33188,33,33066,Siero
33189,33,33066,Siero
33190,33,33054,"Regueras, Las"
33191,33,33054,"Regueras, Las"
33192,33,33035,Llanera
33193,33,33044,Oviedo
33194,33,33044,Oviedo
33195,33,33044,Oviedo
33196,33,33044,Oviedo
33199,33,33066,Siero
33200,33,33200,Gijon
33201,33,33024,Gijón
33202,33,33024,Gijón
33203,33,33024,Gijón
33204,33,33024,Gijón
33205,33,33024,Gijón
33206,33,33024,Gijón
33207,33,33024,Gijón
33208,33,33024,Gijón
33209,33,33024,Gijón
33210,33,33024,Gijón
33211,33,33024,Gijón
33212,33,33024,Gijón
33213,33,33024,Gijón
33290,33,33024,Gijón
33299,33,33024,Gijón
33300,33,33076,Villaviciosa
33310,33,33076,Villaviciosa
33311,33,33076,Villaviciosa
33312,33,33076,Villaviciosa
33313,33,33076,Villaviciosa
33314,33,33076,Villaviciosa
33315,33,33076,Villaviciosa
33316,33,33076,Villaviciosa
33317,33,33076,Villaviciosa
33318,33,33076,Villaviciosa
33320,33,33019,Colunga
33324,33,33019,Colunga
33325,33,33019,Colunga
33326,33,33076,Villaviciosa
33327,33,33019,Colunga
33328,33,33019,Colunga
33329,33,33019,Colunga
33330,33,33019,Colunga
33340,33,33019,Colunga
33341,33,33019,Colunga
33342,33,33019,Colunga
33343,33,33013,Caravia
33344,33,33013,Caravia
33345,33,33056,Ribadesella
33346,33,33056,Ribadesella
33347,33,33056,Ribadesella
33350,33,33024,Gijón
33390,33,33024,Gijón
33391,33,33024,Gijón
33392,33,33024,Gijón
33393,33,33024,Gijón
33394,33,33024,Gijón
33400,33,33400,Aviles
33401,33,33016,Castrillón
33402,33,33004,Avilés
33403,33,33004,Avilés
33404,33,33020,Corvera de Asturias
33405,33,33016,Castrillón
33410,33,33016,Castrillón
33411,33,33030,Illas
33412,33,33020,Corvera de Asturias
33414,33,33010,Candamo
33416,33,33020,Corvera de Asturias
33417,33,33016,Castrillón
33418,33,33004,Avilés
33420,33,33066,Siero
33422,33,33422,Peña (Villabona-Llanera)
33423,33,33035,Llanera
33424,33,33035,Llanera
33425,33,33035,Llanera
33426,33,33035,Llanera
33427,33,33035,Llanera
33428,33,33035,Llanera
33429,33,33066,Siero
33430,33,33014,Carreño
33438,33,33014,Carreño
33439,33,33014,Carreño
33440,33,33025,Gozón
33448,33,33025,Gozón
33449,33,33025,Gozón
33450,33,33016,Castrillón
33456,33,33010,Candamo
33457,33,33016,Castrillón
33458,33,33069,Soto del Barco
33459,33,33016,Castrillón
33460,33,33004,Avilés
33468,33,33020,Corvera de Asturias
33469,33,33014,Carreño
33470,33,33020,Corvera de Asturias
33490,33,33004,Avilés
33491,33,33014,Carreño
33492,33,33014,Carreño
33500,33,33036,Llanes
33507,33,33036,Llanes
33508,33,33508,Torrevega
33509,33,33045,Parres
33510,33,33066,Siero
33518,33,33066,Siero
33519,33,33066,Siero
33520,33,33040,Nava
33527,33,33006,Bimenes
33528,33,33006,Bimenes
33529,33,33040,Nava
33530,33,33049,Piloña
33534,33,33049,Piloña
33535,33,33049,Piloña
33536,33,33049,Piloña
33537,33,33049,Piloña
33538,33,33049,Piloña
33539,33,33049,Piloña
33540,33,33045,Parres
33546,33,33045,Parres
33547,33,33012,Cangas de Onís
33548,33,33045,Parres
33549,33,33045,Parres
33550,33,33012,Cangas de Onís
33554,33,33008,Cabrales
33554,39,33008,Cabrales
33555,33,33008,Cabrales
33556,33,33012,Cangas de Onís
33557,33,33003,Amieva
33558,33,33003,Amieva
33559,33,33045,Parres
33560,33,33056,Ribadesella
33566,33,33056,Ribadesella
33567,33,33056,Ribadesella
33568,33,33056,Ribadesella
33569,33,33056,Ribadesella
33570,33,33041,Navia
33576,33,33046,Peñamellera Alta
33577,33,33046,Peñamellera Alta
33578,33,33046,Peñamellera Alta
33579,33,33047,Peñamellera Baja
33580,33,33066,Siero
33581,33,33040,Nava
33582,33,33040,Nava
33583,33,33049,Piloña
33584,33,33049,Piloña
33585,33,33045,Parres
33586,33,33045,Parres
33587,33,33045,Parres
33588,33,33056,Ribadesella
33589,33,33012,Cangas de Onís
33590,33,33055,Ribadedeva
33591,33,33036,Llanes
33592,33,33036,Llanes
33593,33,33036,Llanes
33594,33,33036,Llanes
33595,33,33036,Llanes
33596,33,33036,Llanes
33597,33,33597,Vidiago
33598,33,33036,Llanes
33599,33,33599,San Esteban (P. Baja)
33600,33,33037,Mieres
33610,33,33037,Mieres
33611,33,33037,Mieres
33612,33,33037,Mieres
33613,33,33613,"Granda, La (Turon)"
33614,33,33037,Mieres
33615,33,33037,Mieres
33616,33,33037,Mieres
33617,33,33037,Mieres
33618,33,33037,Mieres
33619,33,33037,Mieres
33620,33,33033,Lena
33627,33,33033,Lena
33628,33,33033,Lena
33629,33,33033,Lena
33630,33,33033,Lena
33637,33,33033,Lena
33638,33,33033,Lena
33639,33,33033,Lena
33640,33,33037,Mieres
33650,33,33037,Mieres
33660,33,33044,Oviedo
33669,33,33044,Oviedo
33670,33,33002,Aller
33673,33,33673,Nandiello
33675,33,33002,Aller
33676,33,33002,Aller
33677,33,33002,Aller
33678,33,33002,Aller
33679,33,33002,Aller
33680,33,33002,Aller
33681,33,33002,Aller
33682,33,33037,Mieres
33683,33,33037,Mieres
33684,33,33002,Aller
33685,33,33002,Aller
33686,33,33002,Aller
33687,33,33002,Aller
33688,33,33002,Aller
33690,33,33035,Llanera
33691,33,33024,Gijón
33692,33,33033,Lena
33693,33,33033,Lena
33694,33,33033,Lena
33695,33,33033,Lena
33696,33,33044,Oviedo
33697,33,33024,Gijón
33700,33,33034,Valdés
33707,33,33034,Valdés
33708,33,33034,Valdés
33710,33,33041,Navia
33716,33,33018,Coaña
33717,33,33077,Villayón
33718,33,33077,Villayón
33719,33,33041,Navia
33720,33,33007,Boal
33721,33,33721,Villur
33724,33,33007,Boal
33725,33,33007,Boal
33726,33,33007,Boal
33727,33,33007,Boal
33728,33,33007,Boal
33729,33,33007,Boal
33730,33,33027,Grandas de Salime
33731,33,33007,Boal
33732,33,33029,Illano
33733,33,33029,Illano
33734,33,33029,Illano
33735,33,33048,Pesoz
33736,33,33048,Pesoz
33737,33,33737,Padraira
33738,33,33738,Trabada (G. Salime)
33739,33,33739,Llandepereira
33740,33,33070,Tapia de Casariego
33746,33,33023,"Franco, El"
33747,33,33070,Tapia de Casariego
33748,33,33748,Entreplayas
33749,33,33070,Tapia de Casariego
33750,33,33023,"Franco, El"
33756,33,33756,Arancedo
33757,33,33023,"Franco, El"
33758,33,33023,"Franco, El"
33759,33,33023,"Franco, El"
33760,33,33017,Castropol
33768,33,33017,Castropol
33769,33,33017,Castropol
33770,33,33074,Vegadeo
33774,33,33063,San Tirso de Abres
33775,33,33071,Taramundi
33776,33,33074,Vegadeo
33777,33,33048,Pesoz
33778,33,33074,Vegadeo
33779,33,33074,Vegadeo
33780,33,33034,Valdés
33782,33,33059,Salas
33783,33,33034,Valdés
33784,33,33034,Valdés
33785,33,33034,Valdés
33786,33,33786,Cueva (Luarca)
33787,33,33034,Valdés
33788,33,33034,Valdés
33789,33,33034,Valdés
33790,33,33041,Navia
33791,33,33034,Valdés
33792,33,33034,Valdés
33793,33,33041,Navia
33794,33,33017,Castropol
33795,33,33018,Coaña
33796,33,33018,Coaña
33798,33,33007,Boal
33799,33,33007,Boal
33800,33,33011,Cangas del Narcea
33810,33,33028,Ibias
33811,33,33011,Cangas del Narcea
33812,33,33022,Degaña
33813,33,33011,Cangas del Narcea
33814,33,33011,Cangas del Narcea
33815,33,33001,Allande
33816,33,33011,Cangas del Narcea
33817,33,33011,Cangas del Narcea
33818,33,33011,Cangas del Narcea
33819,33,33011,Cangas del Narcea
33820,33,33026,Grado
33825,33,33026,Grado
33826,33,33026,Grado
33827,33,33005,Belmonte de Miranda
33828,33,33010,Candamo
33829,33,33010,Candamo
33830,33,33005,Belmonte de Miranda
33836,33,33005,Belmonte de Miranda
33837,33,33005,Belmonte de Miranda
33838,33,33005,Belmonte de Miranda
33839,33,33005,Belmonte de Miranda
33840,33,33068,Somiedo
33841,33,33068,Somiedo
33842,33,33005,Belmonte de Miranda
33843,33,33005,Belmonte de Miranda
33844,33,33005,Belmonte de Miranda
33845,33,33005,Belmonte de Miranda
33846,33,33005,Belmonte de Miranda
33850,33,33059,Salas
33857,33,33059,Salas
33858,33,33059,Salas
33859,33,33059,Salas
33860,33,33059,Salas
33865,33,33865,Rubial (Santiago De La Barca-Salas)
33866,33,33059,Salas
33867,33,33059,Salas
33868,33,33059,Salas
33869,33,33059,Salas
33870,33,33073,Tineo
33873,33,33073,Tineo
33874,33,33034,Valdés
33875,33,33073,Tineo
33876,33,33073,Tineo
33877,33,33073,Tineo
33878,33,33073,Tineo
33879,33,33073,Tineo
33880,33,33001,Allande
33885,33,33001,Allande
33886,33,33886,Armenande
33887,33,33001,Allande
33888,33,33001,Allande
33889,33,33001,Allande
33890,33,33001,Allande
33891,33,33059,Salas
33892,33,33892,Corros (Vega De Anzo)
33900,33,33031,Langreo
33909,33,33031,Langreo
33910,33,33044,Oviedo
33912,33,33912,Los Tableros
33919,33,33044,Oviedo
33920,33,33031,Langreo
33929,33,33031,Langreo
33930,33,33031,Langreo
33934,33,33031,Langreo
33935,33,33031,Langreo
33936,33,33066,Siero
33937,33,33066,Siero
33938,33,33066,Siero
33939,33,33031,Langreo
33940,33,33060,San Martín del Rey Aurelio
33945,33,33060,San Martín del Rey Aurelio
33946,33,33060,San Martín del Rey Aurelio
33947,33,33060,San Martín del Rey Aurelio
33948,33,33060,San Martín del Rey Aurelio
33949,33,33949,Picu Castiellu (Ciaño-Langreo)
33950,33,33060,San Martín del Rey Aurelio
33957,33,33060,San Martín del Rey Aurelio
33958,33,33060,San Martín del Rey Aurelio
33959,33,33060,San Martín del Rey Aurelio
33960,33,33060,San Martín del Rey Aurelio
33969,33,33969,Riolapiedra
33970,33,33032,Laviana
33979,33,33032,Laviana
33980,33,33032,Laviana
33986,33,33032,Laviana
33987,33,33032,Laviana
33988,33,33988,Brañueta (P. Laviana)
33989,33,33032,Laviana
33990,33,33015,Caso
33991,33,33032,Laviana
33992,33,33032,Laviana
33993,33,33067,Sobrescobio
33994,33,33994,Valderrosa
33995,33,33015,Caso
33996,33,33015,Caso
33997,33,33997,Tarna (Caso)
34001,34,34120,Palencia
34002,34,34120,Palencia
34003,34,34120,Palencia
34004,34,34120,Palencia
34005,34,34120,Palencia
34006,34,34120,Palencia
34070,34,34070,Palencia (CP 34070)
34071,34,34071,Palencia (CP 34071)
34080,34,34080,Palencia (CP 34080)
34100,34,34157,Saldaña
34110,34,34129,Pino del Río
34111,34,34157,Saldaña
34112,34,34169,Santervás de la Vega
34113,34,34218,Villaluenga de la Vega
34114,34,34143,Quintanilla de Onsoña
34115,34,34157,Saldaña
34116,34,34231,Villarrabé
34117,34,34157,Saldaña
34118,34,34903,Loma de Ucieza
34120,34,34047,Carrión de los Condes
34126,34,34147,Renedo de la Vega
34127,34,34163,San Mamés de Campos
34128,34,34112,Nogal de las Huertas
34129,34,34039,Bustillo del Páramo de Carrión
34130,34,34130,Monton De Trigo (Finca)
34131,34,34047,Carrión de los Condes
34132,34,34233,Villasarracino
34133,34,34133,Perales
34159,34,34010,Ampudia
34160,34,34010,Ampudia
34170,34,34125,Pedraza de Campos
34190,34,34225,Villamuriel de Cerrato
34191,34,34010,Ampudia
34192,34,34079,Grijota
34200,34,34023,Venta de Baños
34208,34,34023,Venta de Baños
34209,34,34177,Soto de Cerrato
34210,34,34069,Dueñas
34218,34,34057,Cevico de la Torre
34219,34,34006,Alba de Cerrato
34220,34,34098,Magaz de Pisuerga
34230,34,34182,Torquemada
34239,34,34189,Valdeolmillos
34240,34,34022,Baltanás
34246,34,34050,Castrillo de Don Juan
34247,34,34205,Villaconancio
34248,34,34012,Antigüedad
34249,34,34087,Hornillos de Cerrato
34250,34,34141,Quintana del Puente
34257,34,34242,Villodrigo
34259,34,34063,Cordovilla la Real
34260,09,09316,Revilla Vallejera
34261,34,34261,Villalaco
34300,34,34123,Paredes de Nava
34304,34,34031,Belmonte de Campos
34305,34,34106,Meneses de Campos
34306,34,34048,Castil de Vela
34307,34,34902,Valle del Retortillo
34309,34,34046,Cardeñosa de Volpejera
34310,34,34029,Becerril de Campos
34320,34,34059,Cisneros
34337,34,34076,Fuentes de Nava
34338,34,34001,Abarca de Campos
34340,34,34206,Villada
34347,34,34094,Ledigos
34349,34,34109,Moratinos
34350,34,34232,Villarramiel
34400,34,34083,Herrera de Pisuerga
34405,34,34071,Espinosa de Villagonzalo
34406,34,34068,Dehesa de Romanos
34407,34,34041,Calahorra de Boedo
34408,34,34222,Villameriel
34409,34,34222,Villameriel
34410,34,34108,Monzón de Campos
34411,34,34411,Ribas De Campos
34419,34,34011,Amusco
34420,34,34011,Amusco
34429,34,34009,Amayuelas de Arriba
34430,34,34130,Piña de Campos
34439,34,34180,Támara de Campos
34440,34,34074,Frómista
34447,34,34230,Villarmentero de Campos
34449,34,34015,Arconada
34450,34,34017,Astudillo
34460,34,34901,Osorno la Mayor
34465,34,34186,Valbuena de Pisuerga
34466,34,34241,Villodre
34467,34,34104,Melgar de Yuso
34468,34,34034,Boadilla del Camino
34469,34,34149,Requena de Campos
34470,34,34037,Buenavista de Valdavia
34473,34,34190,Valderrábano
34475,34,34202,Villabasta de Valdavia
34477,34,34025,Bárcena de Campos
34478,34,34052,Castrillo de Villavega
34479,34,34479,Abia De Las Torres
34480,34,34005,Alar del Rey
34483,34,34483,Colmenares De Ojeda
34484,34,34067,Dehesa de Montejo
34485,34,34107,Micieces de Ojeda
34486,34,34056,Cervera de Pisuerga
34487,34,34005,Alar del Rey
34488,34,34056,Cervera de Pisuerga
34490,34,34174,Santoyo
34491,34,34071,Espinosa de Villagonzalo
34492,09,09306,Rebolledo de la Torre
34492,34,09306,Rebolledo de la Torre
34800,34,34004,Aguilar de Campóo
34810,34,34158,Salinas de Pisuerga
34811,34,34004,Aguilar de Campóo
34813,34,34004,Aguilar de Campóo
34815,34,34004,Aguilar de Campóo
34820,34,34027,Barruelo de Santullán
34828,34,34027,Barruelo de Santullán
34829,34,34027,Barruelo de Santullán
34830,34,34158,Salinas de Pisuerga
34839,34,34056,Cervera de Pisuerga
34840,34,34056,Cervera de Pisuerga
34844,34,34056,Cervera de Pisuerga
34846,34,34056,Cervera de Pisuerga
34847,34,34904,"Pernía, La"
34848,34,34904,"Pernía, La"
34849,34,34904,"Pernía, La"
34850,34,34049,Castrejón de la Peña
34858,34,34049,Castrejón de la Peña
34859,34,34049,Castrejón de la Peña
34869,34,34171,Santibáñez de la Peña
34870,34,34151,Respenda de la Peña
34878,34,34151,Respenda de la Peña
34879,34,34080,Guardo
34880,34,34080,Guardo
34882,34,34062,Congosto de Valdavia
34886,34,34199,Velilla del Río Carrión
34887,34,34887,Vidrieros
34888,34,34199,Velilla del Río Carrión
34889,34,34100,Mantinos
35001,35,35016,Las Palmas de Gran Canaria
35002,35,35016,Las Palmas de Gran Canaria
35003,35,35016,Las Palmas de Gran Canaria
35004,35,35016,Las Palmas de Gran Canaria
35005,35,35016,Las Palmas de Gran Canaria
35006,35,35016,Las Palmas de Gran Canaria
35007,35,35016,Las Palmas de Gran Canaria
35008,35,35016,Las Palmas de Gran Canaria
35009,35,35016,Las Palmas de Gran Canaria
35010,35,35016,Las Palmas de Gran Canaria
35011,35,35016,Las Palmas de Gran Canaria
35012,35,35016,Las Palmas de Gran Canaria
35013,35,35016,Las Palmas de Gran Canaria
35014,35,35016,Las Palmas de Gran Canaria
35015,35,35016,Las Palmas de Gran Canaria
35016,35,35016,Las Palmas de Gran Canaria
35017,35,35016,Las Palmas de Gran Canaria
35018,35,35016,Las Palmas de Gran Canaria
35019,35,35016,Las Palmas de Gran Canaria
35070,35,35070,Las Palmas De Gran Canaria
35071,35,35071,Las Palmas De Gran Canaria
35080,35,35080,Las Palmas De Gran Canaria
35100,35,35019,San Bartolomé de Tirajana
35106,35,35019,San Bartolomé de Tirajana
35107,35,35019,San Bartolomé de Tirajana
35108,35,35019,San Bartolomé de Tirajana
35109,35,35019,San Bartolomé de Tirajana
35110,35,35022,Santa Lucía de Tirajana
35118,35,35002,Agüimes
35119,35,35019,San Bartolomé de Tirajana
35120,35,35012,Mogán
35128,35,35019,San Bartolomé de Tirajana
35129,35,35012,Mogán
35130,35,35012,Mogán
35138,35,35012,Mogán
35139,35,35012,Mogán
35140,35,35012,Mogán
35149,35,35012,Mogán
35200,35,35026,Telde
35210,35,35026,Telde
35211,35,35026,Telde
35212,35,35026,Telde
35213,35,35026,Telde
35214,35,35026,Telde
35215,35,35026,Telde
35216,35,35031,Valsequillo de Gran Canaria
35217,35,35031,Valsequillo de Gran Canaria
35218,35,35026,Telde
35219,35,35026,Telde
35220,35,35016,Las Palmas de Gran Canaria
35229,35,35016,Las Palmas de Gran Canaria
35230,35,35230,Base Aerea De Gando
35240,35,35011,Ingenio
35250,35,35011,Ingenio
35259,35,35011,Ingenio
35260,35,35002,Agüimes
35269,35,35002,Agüimes
35270,35,35002,Agüimes
35280,35,35019,San Bartolomé de Tirajana
35290,35,35019,San Bartolomé de Tirajana
35299,35,35019,San Bartolomé de Tirajana
35300,35,35021,Santa Brígida
35307,35,35021,Santa Brígida
35308,35,35021,Santa Brígida
35309,35,35021,Santa Brígida
35310,35,35021,Santa Brígida
35319,35,35319,"Montañeta, La (Monte Lentiscal)"
35320,35,35033,Vega de San Mateo
35328,35,35033,Vega de San Mateo
35329,35,35033,Vega de San Mateo
35330,35,35027,Teror
35333,35,35027,Teror
35338,35,35027,Teror
35339,35,35027,Teror
35340,35,35032,Valleseco
35349,35,35032,Valleseco
35350,35,35005,Artenara
35360,35,35025,Tejeda
35368,35,35025,Tejeda
35369,35,35003,Antigua
35400,35,35006,Arucas
35411,35,35006,Arucas
35412,35,35006,Arucas
35413,35,35006,Arucas
35414,35,35006,Arucas
35415,35,35006,Arucas
35420,35,35009,Gáldar
35421,35,35013,Moya
35422,35,35013,Moya
35423,35,35013,Moya
35430,35,35008,Firgas
35431,35,35008,Firgas
35432,35,35008,Firgas
35450,35,35023,Santa María de Guía de Gran Canaria
35457,35,35023,Santa María de Guía de Gran Canaria
35458,35,35023,Santa María de Guía de Gran Canaria
35459,35,35459,Las Boticarias
35460,35,35009,Gáldar
35468,35,35009,Gáldar
35469,35,35009,Gáldar
35470,35,35020,"Aldea de San Nicolás, La"
35478,35,35020,"Aldea de San Nicolás, La"
35479,35,35020,"Aldea de San Nicolás, La"
35480,35,35001,Agaete
35488,35,35009,Gáldar
35489,35,35001,Agaete
35500,35,35017,Puerto del Rosario
35507,35,35024,Teguise
35508,35,35024,Teguise
35509,35,35018,San Bartolomé
35510,35,35028,Tías
35520,35,35010,Haría
35530,35,35024,Teguise
35539,35,35024,Teguise
35540,35,35023,Santa María de Guía de Gran Canaria
35541,35,35010,Haría
35542,35,35010,Haría
35543,35,35010,Haría
35544,35,35024,Teguise
35550,35,35029,Tinajo
35558,35,35024,Teguise
35559,35,35018,San Bartolomé
35560,35,35029,Tinajo
35561,35,35024,Teguise
35570,35,35034,Yaiza
35571,35,35028,Tías
35572,35,35028,Tías
35580,35,35034,Yaiza
35600,35,35017,Puerto del Rosario
35610,35,35017,Puerto del Rosario
35611,35,35017,Puerto del Rosario
35612,35,35017,Puerto del Rosario
35613,35,35017,Puerto del Rosario
35620,35,35030,Tuineje
35625,35,35015,Pájara
35626,35,35015,Pájara
35627,35,35030,Tuineje
35628,35,35030,Tuineje
35629,35,35030,Tuineje
35630,35,35003,Antigua
35637,35,35017,Puerto del Rosario
35638,35,35003,Antigua
35639,35,35003,Antigua
35640,35,35009,Gáldar
35649,35,35014,"Oliva, La"
35650,35,35014,"Oliva, La"
35660,35,35030,Tuineje
36001,36,36038,Pontevedra
36002,36,36038,Pontevedra
36003,36,36038,Pontevedra
36004,36,36038,Pontevedra
36005,36,36041,Poio
36070,36,36070,Pontevedra (CP 36070)
36071,36,36071,Pontevedra (CP 36071)
36080,36,36080,Pontevedra (CP 36080)
36100,36,36100,Centro Militar Base General Morillo (Usba)
36110,36,36007,Campo Lameiro
36116,36,36902,Cerdedo-Cotobade
36117,36,36902,Cerdedo-Cotobade
36118,36,36007,Campo Lameiro
36119,36,36007,Campo Lameiro
36120,36,36902,Cerdedo-Cotobade
36121,36,36902,Cerdedo-Cotobade
36139,36,36902,Cerdedo-Cotobade
36140,36,36058,Vilaboa
36141,36,36058,Vilaboa
36142,36,36058,Vilaboa
36143,36,36038,Pontevedra
36150,36,36038,Pontevedra
36151,36,36038,Pontevedra
36152,36,36038,Pontevedra
36153,36,36038,Pontevedra
36154,36,36038,Pontevedra
36156,36,36038,Pontevedra
36157,36,36038,Pontevedra
36158,36,36038,Pontevedra
36160,36,36038,Pontevedra
36161,36,36038,Pontevedra
36162,36,36038,Pontevedra
36163,36,36041,Poio
36164,36,36038,Pontevedra
36190,36,36002,Barro
36191,36,36002,Barro
36192,36,36028,Meis
36193,36,36002,Barro
36194,36,36002,Barro
36201,36,36057,Vigo
36202,36,36057,Vigo
36203,36,36057,Vigo
36204,36,36057,Vigo
36205,36,36057,Vigo
36206,36,36057,Vigo
36207,36,36057,Vigo
36208,36,36057,Vigo
36209,36,36057,Vigo
36210,36,36057,Vigo
36211,36,36057,Vigo
36212,36,36057,Vigo
36213,36,36057,Vigo
36214,36,36057,Vigo
36215,36,36057,Vigo
36216,36,36057,Vigo
36270,36,36270,Vigo
36271,36,36271,Vigo
36280,36,36280,Vigo
36281,36,36281,Vigo
36282,36,36282,Vigo
36300,36,36003,Baiona
36307,36,36003,Baiona
36308,36,36003,Baiona
36309,36,36036,Oia
36310,36,36057,Vigo
36312,36,36057,Vigo
36313,36,36057,Vigo
36314,36,36057,Vigo
36315,36,36057,Vigo
36316,36,36021,Gondomar
36317,36,36057,Vigo
36318,36,36057,Vigo
36320,36,36045,Redondela
36330,36,36057,Vigo
36331,36,36057,Vigo
36339,36,36339,Vigo
36340,36,36035,Nigrán
36350,36,36035,Nigrán
36360,36,36035,Nigrán
36370,36,36035,Nigrán
36378,36,36021,Gondomar
36379,36,36035,Nigrán
36380,36,36021,Gondomar
36388,36,36021,Gondomar
36389,36,36021,Gondomar
36390,36,36057,Vigo
36391,36,36035,Nigrán
36392,36,36057,Vigo
36393,36,36003,Baiona
36400,36,36039,O Porriño
36410,36,36039,O Porriño
36411,36,36039,O Porriño
36412,36,36039,O Porriño
36413,36,36039,O Porriño
36414,36,36039,O Porriño
36415,36,36033,Mos
36416,36,36033,Mos
36417,36,36033,Mos
36418,36,36039,O Porriño
36419,36,36033,Mos
36420,36,36014,Crecente
36428,36,36014,Crecente
36429,36,36014,Crecente
36430,36,36001,Arbo
36435,36,36001,Arbo
36436,36,36001,Arbo
36437,36,36001,Arbo
36438,36,36001,Arbo
36440,36,36034,As Neves
36446,36,36034,As Neves
36447,36,36034,As Neves
36448,36,36034,As Neves
36449,36,36034,As Neves
36450,36,36050,Salvaterra de Miño
36455,36,36050,Salvaterra de Miño
36456,36,36050,Salvaterra de Miño
36457,36,36050,Salvaterra de Miño
36458,36,36050,Salvaterra de Miño
36459,36,36050,Salvaterra de Miño
36460,36,36049,Salceda de Caselas
36470,36,36049,Salceda de Caselas
36471,36,36049,Salceda de Caselas
36472,36,36049,Salceda de Caselas
36474,36,36049,Salceda de Caselas
36475,36,36039,O Porriño
36490,36,36014,Crecente
36491,36,36014,Crecente
36492,36,36014,Crecente
36493,36,36014,Crecente
36494,36,36001,Arbo
36500,36,36024,Lalín
36510,36,36024,Lalín
36511,36,36024,Lalín
36512,36,36024,Lalín
36514,36,36024,Lalín
36515,36,36024,Lalín
36516,36,36024,Lalín
36517,36,36024,Lalín
36518,36,36024,Lalín
36519,36,36024,Lalín
36520,36,36020,Agolada
36524,36,36020,Agolada
36525,36,36020,Agolada
36526,36,36020,Agolada
36527,36,36020,Agolada
36528,36,36020,Agolada
36529,36,36020,Agolada
36530,36,36047,Rodeiro
36537,36,36047,Rodeiro
36538,36,36047,Rodeiro
36539,36,36047,Rodeiro
36540,36,36052,Silleda
36542,36,36542,Refoxos (San Paio)
36543,36,36052,Silleda
36544,36,36052,Silleda
36545,36,36052,Silleda
36546,36,36052,Silleda
36547,36,36052,Silleda
36548,36,36052,Silleda
36550,36,36018,Forcarei
36555,36,36018,Forcarei
36556,36,36018,Forcarei
36557,36,36018,Forcarei
36558,36,36902,Cerdedo-Cotobade
36559,36,36017,"Estrada, A"
36560,36,36018,Forcarei
36567,36,36018,Forcarei
36568,36,36568,Pardesoa (Santiago)
36569,36,36018,Forcarei
36570,36,36052,Silleda
36579,36,36052,Silleda
36580,36,36059,Vila de Cruces
36581,36,36059,Vila de Cruces
36582,36,36059,Vila de Cruces
36583,36,36059,Vila de Cruces
36584,36,36017,"Estrada, A"
36585,36,36059,Vila de Cruces
36586,36,36059,Vila de Cruces
36587,36,36059,Vila de Cruces
36588,36,36017,"Estrada, A"
36589,36,36052,Silleda
36590,36,36059,Vila de Cruces
36596,36,36059,Vila de Cruces
36597,36,36059,Vila de Cruces
36598,36,36059,Vila de Cruces
36599,36,36059,Vila de Cruces
36600,36,36060,Vilagarcía de Arousa
36610,36,36060,Vilagarcía de Arousa
36611,36,36060,Vilagarcía de Arousa
36612,36,36010,Catoira
36613,36,36060,Vilagarcía de Arousa
36614,36,36061,Vilanova de Arousa
36615,36,36005,Caldas de Reis
36616,36,36028,Meis
36617,36,36060,Vilagarcía de Arousa
36618,36,36060,Vilagarcía de Arousa
36619,36,36060,Vilagarcía de Arousa
36620,36,36061,Vilanova de Arousa
36626,36,36901,"Illa de Arousa, A"
36627,36,36061,Vilanova de Arousa
36628,36,36061,Vilanova de Arousa
36629,36,36060,Vilagarcía de Arousa
36630,36,36006,Cambados
36633,36,36006,Cambados
36634,36,36006,Cambados
36635,36,36006,Cambados
36636,36,36046,Ribadumia
36637,36,36028,Meis
36638,36,36027,Meaño
36639,36,36006,Cambados
36640,36,36044,Pontecesures
36645,36,36056,Valga
36646,36,36056,Valga
36647,36,36056,Valga
36648,36,36648,"Torre, A (Campaña)"
36649,36,36044,Pontecesures
36650,36,36005,Caldas de Reis
36652,36,36040,Portas
36653,36,36005,Caldas de Reis
36654,36,36005,Caldas de Reis
36655,36,36005,Caldas de Reis
36656,36,36005,Caldas de Reis
36657,36,36040,Portas
36658,36,36017,"Estrada, A"
36659,36,36005,Caldas de Reis
36660,36,36032,Moraña
36667,36,36667,San Lourenzo De Moraña (San Lourenzo)
36668,36,36032,Moraña
36669,36,36032,Moraña
36670,36,36015,Cuntis
36675,36,36015,Cuntis
36676,36,36017,"Estrada, A"
36677,36,36015,Cuntis
36678,36,36015,Cuntis
36679,36,36015,Cuntis
36680,36,36017,"Estrada, A"
36681,36,36017,"Estrada, A"
36682,36,36017,"Estrada, A"
36683,36,36017,"Estrada, A"
36684,36,36017,"Estrada, A"
36685,36,36017,"Estrada, A"
36686,36,36017,"Estrada, A"
36687,36,36017,"Estrada, A"
36688,36,36017,"Estrada, A"
36689,36,36017,"Estrada, A"
36690,36,36053,Soutomaior
36691,36,36002,Barro
36692,36,36002,Barro
36693,36,36045,Redondela
36700,36,36055,Tui
36710,36,36055,Tui
36711,36,36055,Tui
36712,36,36055,Tui
36713,36,36055,Tui
36714,36,36055,Tui
36715,36,36055,Tui
36720,36,36055,Tui
36721,36,36721,Caldelas De Miño (San Martiño)
36729,36,36055,Tui
36730,36,36054,Tomiño
36739,36,36054,Tomiño
36740,36,36054,Tomiño
36746,36,36054,Tomiño
36747,36,36054,Tomiño
36748,36,36054,Tomiño
36749,36,36054,Tomiño
36750,36,36054,Tomiño
36760,36,36048,O Rosal
36770,36,36048,O Rosal
36779,36,36036,Oia
36780,36,36023,A Guarda
36788,36,36023,A Guarda
36789,36,36023,A Guarda
36790,36,36054,Tomiño
36791,36,36054,Tomiño
36792,36,36054,Tomiño
36794,36,36036,Oia
36800,36,36045,Redondela
36810,36,36045,Redondela
36811,36,36045,Redondela
36812,36,36045,Redondela
36813,36,36045,Redondela
36814,36,36045,Redondela
36815,36,36045,Redondela
36816,36,36045,Redondela
36817,36,36045,Redondela
36818,36,36045,Redondela
36820,36,36043,Ponte Caldelas
36826,36,36043,Ponte Caldelas
36827,36,36043,Ponte Caldelas
36828,36,36043,Ponte Caldelas
36829,36,36043,Ponte Caldelas
36830,36,36025,"Lama, A"
36835,36,36025,"Lama, A"
36836,36,36025,"Lama, A"
36837,36,36025,"Lama, A"
36838,36,36025,"Lama, A"
36839,36,36025,"Lama, A"
36840,36,36037,Pazos de Borbén
36841,36,36037,Pazos de Borbén
36842,36,36037,Pazos de Borbén
36843,36,36037,Pazos de Borbén
36844,36,36037,Pazos de Borbén
36845,36,36019,Fornelos de Montes
36846,36,36019,Fornelos de Montes
36847,36,36019,Fornelos de Montes
36848,36,36019,Fornelos de Montes
36849,36,36019,Fornelos de Montes
36851,36,36019,Fornelos de Montes
36852,36,36019,Fornelos de Montes
36853,36,36025,"Lama, A"
36854,36,36902,Cerdedo-Cotobade
36855,36,36902,Cerdedo-Cotobade
36856,36,36902,Cerdedo-Cotobade
36857,36,36902,Cerdedo-Cotobade
36858,36,36902,Cerdedo-Cotobade
36859,36,36902,Cerdedo-Cotobade
36860,36,36042,Ponteareas
36861,36,36042,Ponteareas
36862,36,36042,Ponteareas
36863,36,36042,Ponteareas
36864,36,36042,Ponteareas
36865,36,36042,Ponteareas
36866,36,36042,Ponteareas
36867,36,36042,Ponteareas
36868,36,36042,Ponteareas
36869,36,36042,Ponteareas
36870,36,36030,Mondariz
36872,36,36013,Covelo
36873,36,36013,Covelo
36874,36,36030,Mondariz
36875,36,36019,Fornelos de Montes
36876,36,36013,Covelo
36877,36,36013,Covelo
36878,36,36013,Covelo
36879,36,36030,Mondariz
36880,36,36009,"Cañiza, A"
36883,36,36009,"Cañiza, A"
36884,36,36009,"Cañiza, A"
36885,36,36009,"Cañiza, A"
36886,36,36009,"Cañiza, A"
36887,36,36009,"Cañiza, A"
36888,36,36009,"Cañiza, A"
36889,36,36009,"Cañiza, A"
36890,36,36031,Mondariz-Balneario
36891,36,36042,Ponteareas
36892,36,36042,Ponteareas
36893,36,36042,Ponteareas
36895,36,36042,Ponteareas
36900,36,36026,Marín
36910,36,36038,Pontevedra
36911,36,36026,Marín
36912,36,36026,Marín
36913,36,36026,Marín
36914,36,36026,Marín
36915,36,36026,Marín
36920,36,36026,Marín
36930,36,36004,Bueu
36937,36,36004,Bueu
36938,36,36004,Bueu
36939,36,36004,Bueu
36940,36,36008,Cangas
36945,36,36008,Cangas
36946,36,36008,Cangas
36947,36,36008,Cangas
36949,36,36949,Balea (Darbo)
36950,36,36029,Moaña
36954,36,36029,Moaña
36955,36,36029,Moaña
36957,36,36029,Moaña
36958,36,36029,Moaña
36959,36,36029,Moaña
36960,36,36051,Sanxenxo
36966,36,36051,Sanxenxo
36967,36,36027,Meaño
36968,36,36027,Meaño
36969,36,36027,Meaño
36970,36,36051,Sanxenxo
36979,36,36051,Sanxenxo
36980,36,36022,"Grove, O"
36988,36,36022,"Grove, O"
36989,36,36022,"Grove, O"
36990,36,36051,Sanxenxo
36991,36,36022,"Grove, O"
36992,36,36041,Poio
36993,36,36041,Poio
36995,36,36041,Poio
37001,37,37274,Salamanca
37002,37,37274,Salamanca
37003,37,37274,Salamanca
37004,37,37274,Salamanca
37005,37,37274,Salamanca
37006,37,37274,Salamanca
37007,37,37274,Salamanca
37008,37,37085,Carbajosa de la Sagrada
37009,37,37009,Salamanca (CP 37009)
37071,37,37071,Salamanca (CP 37071)
37080,37,37080,Salamanca (CP 37080)
37100,37,37170,Ledesma
37110,37,37019,Aldearrodrigo
37111,37,37226,Palacios del Arzobispo
37114,37,37150,Gejuelo del Barro
37115,37,37027,Almenara de Tormes
37116,37,37170,Ledesma
37120,37,37087,Carrascal de Barregas
37129,37,37142,Galindo y Perahuy
37130,37,37079,Canillas de Abajo
37139,37,37139,El Gejo
37140,37,37370,Villaseco de los Reyes
37147,37,37360,Villar de Peralonso
37148,37,37329,Tremedal de Tormes
37149,37,37329,Tremedal de Tormes
37150,37,37370,Villaseco de los Reyes
37159,37,37370,Villaseco de los Reyes
37160,37,37364,Villarino de los Aires
37170,37,37087,Carrascal de Barregas
37171,37,37180,"Manzano, El"
37172,37,37301,Sardón de los Frailes
37173,37,37004,Ahigal de Villarino
37174,37,37364,Villarino de los Aires
37175,37,37250,Pereña de la Ribera
37176,37,37028,Almendra
37181,37,37240,Pelabravo
37183,37,37205,Morille
37184,37,37362,Villares de la Reina
37185,37,37354,Villamayor
37186,37,37291,San Pedro de Rozados
37187,37,37192,Miranda de Azán
37188,37,37032,Arapiles
37189,37,37362,Villares de la Reina
37190,37,37322,Terradillos
37191,37,37070,Calvarrasa de Arriba
37192,37,37087,Carrascal de Barregas
37193,37,37067,Cabrerizos
37197,37,37197,Ariseos
37198,37,37198,Carpihuelo
37200,37,37135,"Fuente de San Esteban, La"
37207,37,37207,"Fuente San Esteban, La (Estacion)"
37208,37,37135,"Fuente de San Esteban, La"
37209,37,37241,Pelarrodríguez
37210,37,37376,Vitigudino
37214,37,37340,Valsalabroso
37216,37,37208,Moronta
37217,37,37165,Iruelos
37219,37,37154,Guadramiro
37220,37,37132,"Fregeneda, La"
37230,37,37160,Hinojosa de Duero
37240,37,37173,Lumbrales
37246,37,37311,Sobradillo
37247,37,37266,"Redonda, La"
37248,37,37003,Ahigal de los Aceiteros
37250,37,37014,Aldeadávila de la Ribera
37251,37,37184,Masueco
37253,37,37100,Cerezal de Peñahorcada
37254,37,37190,Mieza
37255,37,37044,Barruecopardo
37256,37,37337,Valderrodrigo
37257,37,37302,Saucelle
37258,37,37350,Vilvestre
37259,37,37275,Saldeana
37260,37,37373,Villavieja de Yeltes
37267,37,37363,Villares de Yeltes
37269,37,37269,La Cañada
37270,37,37285,San Felices de los Gallegos
37271,37,37039,Bañobárez
37281,37,37113,"Cubo de Don Sancho, El"
37290,37,37052,Boada
37291,37,37055,Bogajo
37292,37,37223,Olmedo de Camaces
37300,37,37246,Peñaranda de Bracamonte
37310,37,37174,Macotera
37311,37,37296,Santiago de la Puebla
37312,37,37007,Alaraz
37313,37,37178,Malpartida
37314,37,37276,Salmoral
37315,37,37179,Mancera de Abajo
37316,37,37057,Bóveda del Río Almar
37317,37,37022,Aldeaseca de la Frontera
37318,37,37265,Rágama
37319,37,37083,Cantaracillo
37320,37,37358,Villar de Gallimazo
37329,37,37012,Alconada
37330,37,37038,Babilafuente
37336,37,37164,Huerta
37337,37,37206,Moríñigo
37338,37,37375,Villoruela
37339,37,37374,Villoria
37340,37,37020,Aldearrubia
37350,37,37016,Aldealengua
37400,37,37081,Cantalapiedra
37405,37,37082,Cantalpino
37406,37,37228,Palaciosrubios
37408,37,37382,Zorita de la Frontera
37409,37,37317,Tarazona de Guareña
37410,37,37239,"Pedroso de la Armuña, El"
37418,37,37031,Arabayona de Mógica
37419,37,37231,Parada de Rubiales
37420,37,37152,Gomecello
37426,37,37222,Negrilla de Palencia
37427,37,37238,Pedrosillo el Ralo
37428,37,37225,Pajares de la Laguna
37429,37,37017,Aldeanueva de Figueroa
37430,37,37207,Moriscos
37439,37,37092,Castellanos de Moriscos
37440,37,37087,Carrascal de Barregas
37446,37,37353,Villalba de los Llanos
37447,37,37271,Rollán
37448,37,37079,Canillas de Abajo
37449,37,37142,Galindo y Perahuy
37450,37,37344,Vecinos
37451,37,37088,Carrascal del Obispo
37452,37,37211,Narros de Matalayegua
37453,37,37291,San Pedro de Rozados
37454,37,37346,"Veguillas, Las"
37455,37,37291,San Pedro de Rozados
37456,37,37346,"Veguillas, Las"
37458,37,37458,La Dueña De Abajo
37460,37,37149,Garcirrey
37465,37,37273,"Sagrada, La"
37466,37,37025,Aldehuela de la Bóveda
37467,37,37467,Villagarcia
37468,37,37283,Sando
37470,37,37279,Sancti-Spíritus
37478,37,37009,Alba de Yeltes
37479,37,37279,Sancti-Spíritus
37480,37,37140,Fuentes de Oñoro
37481,37,37140,Fuentes de Oñoro
37488,37,37015,Aldea del Obispo
37490,37,37062,Cabezabellosa de la Calzada
37491,37,37491,Navas De Quejigal
37492,37,37270,Robliza de Cojos
37493,37,37241,Pelarrodríguez
37494,37,37183,Martín de Yeltes
37495,37,37267,Retortillo
37496,37,37097,Castraz
37497,37,37086,Carpio de Azaba
37500,37,37107,Ciudad Rodrigo
37510,37,37157,Herguijuela de Ciudad Rodrigo
37515,37,37119,"Encina, La"
37516,37,37157,Herguijuela de Ciudad Rodrigo
37520,37,37054,"Bodón, El"
37521,37,37269,Robleda
37522,37,37371,Villasrubias
37523,37,37245,Peñaparda
37524,37,37234,"Payo, El"
37530,37,37307,Serradilla del Llano
37531,37,37306,Serradilla del Arroyo
37532,37,37199,Monsagro
37540,37,37136,Fuenteguinaldo
37541,37,37091,Casillas de Flores
37542,37,37221,Navasfrías
37550,37,37074,Campillo de Azaba
37551,37,37166,Ituero de Azaba
37552,37,37258,Puebla de Azaba
37553,37,37258,Puebla de Azaba
37554,37,37006,"Alamedilla, La"
37555,37,37011,"Alberguería de Argañán, La"
37589,37,37321,Tenebrón
37590,37,37107,Ciudad Rodrigo
37591,37,37107,Ciudad Rodrigo
37592,37,37096,Castillejo de Martín Viejo
37593,37,37107,Ciudad Rodrigo
37594,37,37107,Ciudad Rodrigo
37595,37,37107,Ciudad Rodrigo
37596,37,37306,Serradilla del Arroyo
37600,37,37316,Tamames
37606,37,37260,Puebla de Yeltes
37607,37,37041,Barbalos
37608,37,37608,Pedraza De La Sierra
37609,37,37211,Narros de Matalayegua
37610,37,37194,Mogarraz
37617,37,37158,Herguijuela de la Sierra
37618,37,37196,Monforte de la Sierra
37619,37,37158,Herguijuela de la Sierra
37621,37,37018,Aldeanueva de la Sierra
37624,37,37010,"Alberca, La"
37630,37,37068,Cabrillas
37638,37,37304,Sepulcro-Hilario
37639,37,37026,Aldehuela de Yeltes
37640,37,37001,Abusejo
37650,37,37305,Sequeros
37656,37,37098,Cepeda
37657,37,37313,Sotoserrano
37658,37,37147,Garcibuey
37659,37,37036,San Miguel del Robledo
37660,37,37193,Miranda del Castañar
37670,37,37298,Santibáñez de la Sierra
37671,37,37284,San Esteban de la Sierra
37680,37,37331,Valdefuentes de Sangusín
37682,37,37298,Santibáñez de la Sierra
37683,37,37195,Molinillo
37684,37,37112,Cristóbal
37690,37,37135,"Fuente de San Esteban, La"
37700,37,37046,Béjar
37710,37,37078,Candelario
37711,37,37109,Colmenar de Montemayor
37712,37,37252,Pinedas
37713,37,37332,Valdehijaderos
37714,37,37071,"Calzada de Béjar, La"
37715,37,37715,El Castañar
37716,37,37163,"Hoya, La"
37717,37,37046,Béjar
37718,37,37013,Aldeacipreste
37720,37,37263,Puerto de Béjar
37724,37,37168,Lagunilla
37727,37,37201,Montemayor del Río
37730,37,37171,Ledrada
37740,37,37297,Santibáñez de Béjar
37748,37,37261,Puente del Congosto
37749,37,37218,Navamorales
37750,37,37103,Cespedosa de Tormes
37751,37,37146,Gallegos de Solmirón
37752,37,37315,"Tala, La"
37753,37,37035,Armenteros
37754,37,37035,Armenteros
37755,37,37035,Armenteros
37756,37,37035,Armenteros
37759,37,37159,Herguijuela del Campo
37760,37,37172,Linares de Riofrío
37762,37,37125,Escurial de la Sierra
37763,37,37287,San Miguel de Valero
37764,37,37339,Valero
37765,37,37124,Endrinal
37766,37,37124,Endrinal
37767,37,37089,Casafranca
37768,37,37138,Fuenterroble de Salvatierra
37770,37,37156,Guijuelo
37773,37,37063,"Cabeza de Béjar, La"
37774,37,37155,Guijo de Ávila
37775,37,37133,Fresnedoso
37776,37,37213,Nava de Béjar
37777,37,37312,Sorihuela
37778,37,37156,Guijuelo
37779,37,37024,Aldeavieja de Tormes
37780,37,37188,"Maya, La"
37781,37,37203,Monterrubio de la Sierra
37785,37,37143,Galinduste
37786,37,37143,Galinduste
37787,37,37242,Pelayos
37788,37,37237,Pedrosillo de los Aires
37789,37,37047,Beleña
37790,37,37139,Fuentes de Béjar
37791,37,37259,Puebla de San Medel
37792,37,37237,Pedrosillo de los Aires
37793,37,37046,Béjar
37794,37,37282,Sanchotello
37795,37,37051,Berrocal de Salvatierra
37796,37,37209,Mozárbez
37797,37,37073,Calzada de Valdunciel
37798,37,37338,Valdunciel
37799,37,37130,Forfoleda
37800,37,37008,Alba de Tormes
37810,37,37148,Garcihernández
37820,37,37247,Peñarandilla
37830,37,37108,Coca de Alba
37840,37,37324,Tordillos
37850,37,37215,Nava de Sotrobal
37860,37,37162,Horcajo Medianero
37861,37,37114,Chagarcía Medianero
37863,37,37029,Anaya de Alba
37864,37,37029,Anaya de Alba
37865,37,37169,Larrodrigo
37870,37,37021,Aldeaseca de Alba
37871,37,37236,Pedrosillo de Alba
37873,37,37141,Gajates
37874,37,37141,Gajates
37881,37,37330,Valdecarros
37882,37,37008,Alba de Tormes
37890,37,37008,Alba de Tormes
37891,37,37242,Pelayos
37892,37,37008,Alba de Tormes
37893,37,37008,Alba de Tormes
37894,37,37352,Villagonzalo de Tormes
37900,37,37294,Santa Marta de Tormes
38001,38,38038,Santa Cruz de Tenerife
38002,38,38038,Santa Cruz de Tenerife
38003,38,38038,Santa Cruz de Tenerife
38004,38,38038,Santa Cruz de Tenerife
38005,38,38038,Santa Cruz de Tenerife
38006,38,38038,Santa Cruz de Tenerife
38007,38,38038,Santa Cruz de Tenerife
38008,38,38038,Santa Cruz de Tenerife
38009,38,38038,Santa Cruz de Tenerife
38010,38,38038,Santa Cruz de Tenerife
38070,38,38070,Santa Cruz de Tenerife (CP 38070)
38071,38,38071,Santa Cruz de Tenerife (CP 38071)
38080,38,38080,Santa Cruz de Tenerife (CP 38080)
38107,38,38038,Santa Cruz de Tenerife
38108,38,38038,Santa Cruz de Tenerife
38109,38,38032,"Rosario, El"
38110,38,38038,Santa Cruz de Tenerife
38111,38,38038,Santa Cruz de Tenerife
38120,38,38038,Santa Cruz de Tenerife
38129,38,38038,Santa Cruz de Tenerife
38130,38,38038,Santa Cruz de Tenerife
38139,38,38038,Santa Cruz de Tenerife
38140,38,38038,Santa Cruz de Tenerife
38150,38,38038,Santa Cruz de Tenerife
38160,38,38038,Santa Cruz de Tenerife
38170,38,38038,Santa Cruz de Tenerife
38180,38,38038,Santa Cruz de Tenerife
38190,38,38032,"Rosario, El"
38200,38,38200,San Cristobal De La Laguna
38201,38,38023,San Cristóbal de La Laguna
38202,38,38023,San Cristóbal de La Laguna
38203,38,38023,San Cristóbal de La Laguna
38204,38,38023,San Cristóbal de La Laguna
38205,38,38023,San Cristóbal de La Laguna
38206,38,38023,San Cristóbal de La Laguna
38207,38,38023,San Cristóbal de La Laguna
38208,38,38023,San Cristóbal de La Laguna
38240,38,38023,San Cristóbal de La Laguna
38250,38,38023,San Cristóbal de La Laguna
38260,38,38023,San Cristóbal de La Laguna
38270,38,38023,San Cristóbal de La Laguna
38280,38,38046,Tegueste
38290,38,38032,"Rosario, El"
38291,38,38023,San Cristóbal de La Laguna
38292,38,38046,Tegueste
38293,38,38046,Tegueste
38294,38,38038,Santa Cruz de Tenerife
38296,38,38023,San Cristóbal de La Laguna
38297,38,38046,Tegueste
38300,38,38026,"Orotava, La"
38310,38,38026,"Orotava, La"
38311,38,38026,"Orotava, La"
38312,38,38026,"Orotava, La"
38313,38,38026,"Orotava, La"
38314,38,38026,"Orotava, La"
38315,38,38026,"Orotava, La"
38320,38,38038,Santa Cruz de Tenerife
38329,38,38023,San Cristóbal de La Laguna
38330,38,38023,San Cristóbal de La Laguna
38340,38,38043,Tacoronte
38350,38,38043,Tacoronte
38355,38,38043,Tacoronte
38356,38,38043,Tacoronte
38357,38,38043,Tacoronte
38358,38,38043,Tacoronte
38359,38,38041,"Sauzal, El"
38360,38,38041,"Sauzal, El"
38370,38,38025,La Matanza de Acentejo
38379,38,38025,La Matanza de Acentejo
38380,38,38051,"Victoria de Acentejo, La"
38389,38,38051,"Victoria de Acentejo, La"
38390,38,38039,Santa Úrsula
38398,38,38039,Santa Úrsula
38399,38,38039,Santa Úrsula
38400,38,38028,Puerto de la Cruz
38410,38,38031,"Realejos, Los"
38411,38,38411,"Mocan, El (Los Realejos)"
38412,38,38031,"Realejos, Los"
38413,38,38031,"Realejos, Los"
38414,38,38031,"Realejos, Los"
38415,38,38031,"Realejos, Los"
38416,38,38031,"Realejos, Los"
38417,38,38031,"Realejos, Los"
38418,38,38031,"Realejos, Los"
38419,38,38031,"Realejos, Los"
38420,38,38034,San Juan de la Rambla
38428,38,38034,San Juan de la Rambla
38429,38,38034,San Juan de la Rambla
38430,38,38022,Icod de los Vinos
38434,38,38022,Icod de los Vinos
38435,38,38042,"Silos, Los"
38438,38,38022,Icod de los Vinos
38439,38,38022,Icod de los Vinos
38440,38,38018,La Guancha
38441,38,38018,La Guancha
38449,38,38018,La Guancha
38450,38,38015,Garachico
38458,38,38015,Garachico
38459,38,38015,Garachico
38460,38,38042,"Silos, Los"
38470,38,38042,"Silos, Los"
38479,38,38010,Buenavista del Norte
38480,38,38010,Buenavista del Norte
38489,38,38010,Buenavista del Norte
38500,38,38020,Güímar
38508,38,38020,Güímar
38509,38,38011,Candelaria
38510,38,38032,"Rosario, El"
38520,38,38011,Candelaria
38530,38,38011,Candelaria
38540,38,38011,Candelaria
38550,38,38004,Arafo
38560,38,38020,Güímar
38570,38,38012,Fasnia
38579,38,38012,Fasnia
38580,38,38005,Arico
38588,38,38005,Arico
38589,38,38005,Arico
38590,38,38020,Güímar
38591,38,38020,Güímar
38592,38,38005,Arico
38593,38,38005,Arico
38594,38,38017,Granadilla de Abona
38595,38,38017,Granadilla de Abona
38600,38,38017,Granadilla de Abona
38610,38,38610,Aeropuerto Reina Sofia (Santa Cruz De Tenerife)
38611,38,38017,Granadilla de Abona
38612,38,38017,Granadilla de Abona
38613,38,38052,Vilaflor
38614,38,38052,Vilaflor
38615,38,38001,Adeje
38616,38,38017,Granadilla de Abona
38617,38,38017,Granadilla de Abona
38618,38,38017,Granadilla de Abona
38619,38,38619,Granadilla (Poligono Industrial)
38620,38,38035,San Miguel de Abona
38626,38,38006,Arona
38627,38,38006,Arona
38628,38,38035,San Miguel de Abona
38629,38,38035,San Miguel de Abona
38630,38,38006,Arona
38631,38,38006,Arona
38632,38,38006,Arona
38639,38,38006,Arona
38640,38,38006,Arona
38649,38,38006,Arona
38650,38,38006,Arona
38652,38,38006,Arona
38660,38,38001,Adeje
38670,38,38001,Adeje
38677,38,38001,Adeje
38678,38,38001,Adeje
38679,38,38001,Adeje
38680,38,38019,Guía de Isora
38683,38,38040,Santiago del Teide
38684,38,38040,Santiago del Teide
38685,38,38019,Guía de Isora
38686,38,38019,Guía de Isora
38687,38,38019,Guía de Isora
38688,38,38019,Guía de Isora
38689,38,38019,Guía de Isora
38690,38,38040,Santiago del Teide
38700,38,38037,Santa Cruz de la Palma
38710,38,38008,Breña Alta
38711,38,38009,Breña Baja
38712,38,38008,Breña Alta
38713,38,38008,Breña Alta
38714,38,38030,Puntallana
38715,38,38030,Puntallana
38720,38,38033,San Andrés y Sauces
38726,38,38007,Barlovento
38727,38,38007,Barlovento
38728,38,38016,Garafía
38729,38,38033,San Andrés y Sauces
38730,38,38053,Villa de Mazo
38738,38,38053,Villa de Mazo
38739,38,38053,Villa de Mazo
38740,38,38014,Fuencaliente de la Palma
38749,38,38014,Fuencaliente de la Palma
38750,38,38027,"Paso, El"
38758,38,38027,"Paso, El"
38759,38,38024,"Llanos de Aridane, Los"
38760,38,38024,"Llanos de Aridane, Los"
38767,38,38024,"Llanos de Aridane, Los"
38768,38,38024,"Llanos de Aridane, Los"
38769,38,38024,"Llanos de Aridane, Los"
38770,38,38045,Tazacorte
38779,38,38045,Tazacorte
38780,38,38047,Tijarafe
38787,38,38016,Garafía
38788,38,38016,Garafía
38789,38,38047,Tijarafe
38800,38,38036,San Sebastián de la Gomera
38801,38,38036,San Sebastián de la Gomera
38810,38,38003,Alajeró
38811,38,38003,Alajeró
38812,38,38003,Alajeró
38813,38,38003,Alajeró
38820,38,38021,Hermigua
38829,38,38021,Hermigua
38830,38,38002,Agulo
38840,38,38050,Vallehermoso
38849,38,38050,Vallehermoso
38850,38,38050,Vallehermoso
38852,38,38049,Valle Gran Rey
38860,38,38050,Vallehermoso
38869,38,38050,Vallehermoso
38870,38,38049,Valle Gran Rey
38879,38,38049,Valle Gran Rey
38890,38,38002,Agulo
38891,38,38050,Vallehermoso
38892,38,38049,Valle Gran Rey
38900,38,38048,Valverde
38910,38,38048,Valverde
38911,38,38013,Frontera
38912,38,38013,Frontera
38913,38,38013,Frontera
38914,38,38901,El Pinar de El Hierro
38915,38,38048,Valverde
38916,38,38048,Valverde
38917,38,38901,El Pinar de El Hierro
39001,39,39075,Santander
39002,39,39075,Santander
39003,39,39075,Santander
39004,39,39075,Santander
39005,39,39075,Santander
39006,39,39075,Santander
39007,39,39075,Santander
39008,39,39075,Santander
39009,39,39075,Santander
39010,39,39075,Santander
39011,39,39075,Santander
39012,39,39075,Santander
39070,39,39070,Santander
39071,39,39071,Santander
39080,39,39080,Santander
39100,39,39073,Santa Cruz de Bezana
39108,39,39073,Santa Cruz de Bezana
39110,39,39073,Santa Cruz de Bezana
39120,39,39052,Piélagos
39130,39,39040,Marina de Cudeyo
39140,39,39061,Ribamontán al Mar
39150,39,39061,Ribamontán al Mar
39160,39,39061,Ribamontán al Mar
39170,39,39011,Bareyo
39180,39,39047,Noja
39191,39,39011,Bareyo
39192,39,39043,Meruelo
39193,39,39029,Escalante
39195,39,39006,Arnuero
39197,39,39079,Santoña
39200,39,39027,Campoo de Enmedio
39210,39,39032,Hermandad de Campoo de Suso
39212,39,39027,Campoo de Enmedio
39213,39,39027,Campoo de Enmedio
39220,39,39094,Valderredible
39230,39,39094,Valderredible
39232,39,09011,Alfoz de Bricia
39232,09,09011,Alfoz de Bricia
39250,39,34032,Berzosilla
39250,34,34032,Berzosilla
39292,39,39017,Campoo de Yuso
39294,39,39017,Campoo de Yuso
39300,39,39087,Torrelavega
39310,39,39044,Miengo
39311,39,39018,Cartes
39312,39,39044,Miengo
39313,39,39054,Polanco
39314,39,39076,Santillana del Mar
39315,39,39087,Torrelavega
39318,39,39044,Miengo
39320,39,39001,Alfoz de Lloredo
39329,39,39001,Alfoz de Lloredo
39330,39,39076,Santillana del Mar
39340,39,39085,Suances
39350,39,39085,Suances
39360,39,39085,Suances
39400,39,39025,"Corrales de Buelna, Los"
39407,39,39021,Cieza
39408,39,39025,"Corrales de Buelna, Los"
39409,39,39069,San Felices de Buelna
39410,39,39092,Valdeolea
39417,39,39065,"Rozas de Valdearroyo, Las"
39418,39,39092,Valdeolea
39419,39,39093,Valdeprado del Río
39419,34,39093,Valdeprado del Río
39420,39,39010,Bárcena de Pie de Concha
39430,39,39046,Molledo
39438,39,39046,Molledo
39450,39,39004,Arenas de Iguña
39451,39,39003,Anievas
39460,39,39018,Cartes
39470,39,39052,Piélagos
39477,39,39052,Piélagos
39478,39,39052,Piélagos
39479,39,39052,Piélagos
39490,39,39077,Santiurde de Reinosa
39491,39,39027,Campoo de Enmedio
39500,39,39012,Cabezón de la Sal
39507,39,39012,Cabezón de la Sal
39509,39,39012,Cabezón de la Sal
39510,39,39014,Cabuérniga
39511,39,39014,Cabuérniga
39513,39,39066,Ruente
39517,39,39086,"Tojos, Los"
39518,39,39014,Cabuérniga
39520,39,39024,Comillas
39525,39,39001,Alfoz de Lloredo
39526,39,39001,Alfoz de Lloredo
39527,39,39068,Ruiloba
39528,39,39024,Comillas
39530,39,39060,Reocín
39538,39,39060,Reocín
39539,39,39060,Reocín
39540,39,39080,San Vicente de la Barquera
39547,39,39080,San Vicente de la Barquera
39548,39,39095,Val de San Vicente
39549,39,39033,Herrerías
39550,39,39034,Lamasón
39551,39,39033,Herrerías
39553,39,39063,Rionansa
39554,39,39063,Rionansa
39555,39,39089,Tudanca
39556,39,39053,Polaciones
39557,39,39053,Polaciones
39558,39,39014,Cabuérniga
39559,39,39063,Rionansa
39560,39,39095,Val de San Vicente
39569,39,39095,Val de San Vicente
39570,39,39055,Potes
39571,39,39013,Cabezón de Liébana
39572,39,39050,Pesaguero
39573,39,39013,Cabezón de Liébana
39574,39,39013,Cabezón de Liébana
39575,39,39096,Vega de Liébana
39577,39,39096,Vega de Liébana
39580,39,39022,Cillorigo de Liébana
39582,39,39015,Camaleño
39583,39,39022,Cillorigo de Liébana
39584,39,39022,Cillorigo de Liébana
39586,39,39015,Camaleño
39587,39,39015,Camaleño
39588,39,39015,Camaleño
39590,39,39060,Reocín
39591,39,39012,Cabezón de la Sal
39592,39,39012,Cabezón de la Sal
39593,39,39091,Valdáliga
39594,39,39033,Herrerías
39595,39,39595,Villanueva (Valdaliga)
39600,39,39016,Camargo
39608,39,39016,Camargo
39609,39,39016,Camargo
39610,39,39008,El Astillero
39611,39,39008,El Astillero
39612,39,39052,Piélagos
39613,39,39008,El Astillero
39618,39,39040,Marina de Cudeyo
39619,39,39042,Medio Cudeyo
39620,39,39074,Santa María de Cayón
39626,39,39074,Santa María de Cayón
39627,39,39074,Santa María de Cayón
39630,39,39100,Villafufre
39638,39,39100,Villafufre
39639,39,39081,Saro
39640,39,39098,Villacarriedo
39649,39,39098,Villacarriedo
39650,39,39074,Santa María de Cayón
39660,39,39019,Castañeda
39670,39,39056,Puente Viesgo
39679,39,39056,Puente Viesgo
39680,39,39026,Corvera de Toranzo
39681,39,39681,Penilla (Luena)
39682,39,39026,Corvera de Toranzo
39683,39,39097,Vega de Pas
39685,39,39097,Vega de Pas
39686,39,39071,San Pedro del Romeral
39687,39,39039,Luena
39688,39,39039,Luena
39689,39,39078,Santiurde de Toranzo
39690,39,39099,Villaescusa
39691,39,39078,Santiurde de Toranzo
39692,39,39099,Villaescusa
39694,39,39074,Santa María de Cayón
39696,39,39082,Selaya
39697,39,39026,Corvera de Toranzo
39698,39,39078,Santiurde de Toranzo
39699,39,39026,Corvera de Toranzo
39700,39,39020,Castro-Urdiales
39706,39,39020,Castro-Urdiales
39707,39,39020,Castro-Urdiales
39709,39,39020,Castro-Urdiales
39710,39,39042,Medio Cudeyo
39715,39,39028,Entrambasaguas
39716,39,39028,Entrambasaguas
39718,39,39037,Liérganes
39719,39,39040,Marina de Cudeyo
39720,39,39064,Riotuerto
39722,39,39037,Liérganes
39723,39,39045,Miera
39724,39,39042,Medio Cudeyo
39727,39,39037,Liérganes
39728,39,39083,Soba
39730,39,39031,Hazas de Cesto
39738,39,39084,Solórzano
39740,39,39079,Santoña
39749,39,39079,Santoña
39750,39,39023,Colindres
39760,39,39009,Bárcena de Cicero
39761,39,39009,Bárcena de Cicero
39762,39,39102,Voto
39764,39,39102,Voto
39766,39,39102,Voto
39770,39,39035,Laredo
39776,39,39036,Liendo
39777,39,39035,Laredo
39778,39,39038,Limpias
39788,39,39030,Guriezo
39790,39,39009,Bárcena de Cicero
39791,39,39084,Solórzano
39792,39,39042,Medio Cudeyo
39793,39,39062,Ribamontán al Monte
39794,39,39062,Ribamontán al Monte
39795,39,39029,Escalante
39798,39,39020,Castro-Urdiales
39800,39,39057,Ramales de la Victoria
39805,39,39083,Soba
39806,39,39083,Soba
39808,39,39083,Soba
39809,39,39057,Ramales de la Victoria
39812,39,39067,Ruesga
39813,39,39083,Soba
39815,39,39057,Ramales de la Victoria
39820,39,39038,Limpias
39840,39,39002,Ampuero
39849,39,39002,Ampuero
39850,39,39002,Ampuero
39860,39,39058,Rasines
39880,39,39101,Valle de Villaverde
40001,40,40194,Segovia
40002,40,40194,Segovia
40003,40,40194,Segovia
40004,40,40194,Segovia
40005,40,40194,Segovia
40006,40,40194,Segovia
40070,40,40070,Segovia (CP 40070)
40071,40,40071,Segovia (CP 40071)
40080,40,40080,Segovia (CP 40080)
40100,40,40181,Real Sitio de San Ildefonso
40109,40,40181,Real Sitio de San Ildefonso
40120,40,40094,Garcillán
40121,40,40017,Anaya
40122,40,40185,Santa María la Real de Nieva
40123,40,40185,Santa María la Real de Nieva
40130,40,40119,Martín Miguel
40133,40,40118,Marazuela
40134,40,40180,Sangarcía
40135,40,40185,Santa María la Real de Nieva
40136,40,40185,Santa María la Real de Nieva
40140,40,40216,Valverde del Majano
40141,40,40001,Abades
40142,40,40111,Lastras del Pozo
40144,40,40028,Bercial
40145,40,40135,Muñopedro
40146,40,40107,Labajos
40150,40,40225,Villacastín
40151,40,40104,Ituero y Lama
40152,40,40233,Zarzuela del Monte
40153,40,40194,Segovia
40154,40,40194,Segovia
40160,40,40203,Torrecaballeros
40161,40,40139,Navafría
40162,40,40007,Aldealengua de Pedraza
40163,40,40123,Matabuena
40164,40,40020,Arcones
40165,40,40162,Prádena
40170,40,40059,Collado Hermoso
40171,40,40206,Torre Val de San Pedro
40172,40,40156,Pedraza
40173,40,40156,Pedraza
40174,40,40220,Valleruela de Pedraza
40175,40,40125,"Matilla, La"
40176,40,40150,Orejana
40180,40,40026,Basardilla
40181,40,40208,Turégano
40182,40,40034,Caballar
40183,40,40136,Muñoveros
40184,40,40019,Arahuetes
40185,40,40021,Arevalillo de Cega
40190,40,40031,Bernuy de Porreros
40191,40,40022,Armuña
40192,40,40002,Adrada de Pirón
40193,40,40193,Parque De Robledo
40194,40,40155,Palazuelos de Eresma
40195,40,40194,Segovia
40196,40,40112,"Lastrilla, La"
40197,40,40906,San Cristóbal de Segovia
40200,40,40063,Cuéllar
40210,40,40063,Cuéllar
40211,40,40063,Cuéllar
40212,40,40177,San Cristóbal de Cuéllar
40213,40,40219,Vallelado
40214,40,40024,Ayllón
40215,40,40063,Cuéllar
40216,40,40065,Chañe
40217,40,40078,Fresneda de Cuéllar
40218,40,40084,Fuente el Olmo de Íscar
40219,40,40228,Villaverde de Íscar
40220,40,40149,Olombrada
40230,40,40063,Cuéllar
40231,40,40063,Cuéllar
40232,40,40063,Cuéllar
40233,40,40149,Olombrada
40234,40,40127,Membibre de la Hoz
40235,40,40013,Aldeasoña
40236,40,40108,Laguna de Contreras
40237,40,40174,Sacramenia
40238,40,40215,Valtiendas
40239,40,40905,Cuevas de Provanco
40240,40,40095,Gomezserracín
40241,40,40063,Cuéllar
40242,40,40063,Cuéllar
40250,40,40134,Mozoncillo
40260,40,40086,Fuentepelayo
40270,40,40043,Carbonero el Mayor
40280,40,40141,Navalmanzano
40290,40,40173,Roda de Eresma
40291,40,40074,Escarabajosa de Cabezas
40292,40,40012,Aldea Real
40293,40,40234,Zarzuela del Pinar
40294,40,40160,Pinarnegrillo
40295,40,40182,San Martín y Mudrián
40296,40,40159,Pinarejos
40297,40,40179,Sanchonuño
40298,40,40081,Frumales
40299,40,40299,El Henar
40300,40,40195,Sepúlveda
40310,40,40186,Santa Marta del Cerro
40311,40,40198,Sotillo
40312,40,40070,Duruelo
40313,40,40202,Torreadrada
40314,40,40091,Fuentesoto
40315,40,40047,Castro de Fuentidueña
40317,40,40195,Sepúlveda
40318,40,40162,Prádena
40320,40,40040,Cantalejo
40330,40,40088,Fuenterrebollo
40331,40,40140,Navalilla
40332,40,40056,Cobos de Fuentidueña
40340,40,40193,Sebúlcor
40350,40,40073,Escalona del Prado
40351,40,40192,Sauquillo de Cabezas
40352,40,40110,Lastras de Cuéllar
40353,40,40100,Hontalbilla
40354,40,40003,Adrados
40355,40,40089,Fuentesaúco de Fuentidueña
40356,40,40037,Calabazas de Fuentidueña
40357,40,40092,Fuentidueña
40358,40,40087,Fuentepiñel
40359,40,40083,Fuente el Olmo de Fuentidueña
40360,40,40041,Cantimpalos
40370,40,40208,Turégano
40380,40,40193,Sebúlcor
40389,40,40184,San Pedro de Gaíllos
40390,40,40214,Valseca
40391,40,40072,Encinillas
40392,40,40035,Cabañas de Polendos
40393,40,40075,Escobar de Polendos
40394,40,40205,Torreiglesias
40395,40,40222,Veganzones
40396,40,40036,Cabezuela
40397,40,40397,Venta De Pinillos
40400,40,40076,"Espinar, El"
40408,40,40146,Navas de San Antonio
40410,40,40076,"Espinar, El"
40419,40,40076,"Espinar, El"
40420,40,40113,"Losa, La"
40421,40,40901,Ortigosa del Monte
40422,40,40152,Otero de Herreros
40423,40,40211,Valdeprados
40424,40,40076,"Espinar, El"
40430,40,40030,Bernardos
40440,40,40185,Santa María la Real de Nieva
40441,40,40128,Migueláñez
40442,40,40176,Samboal
40443,40,40176,Samboal
40444,40,40126,Melque de Cercos
40445,40,40106,Juarros de Voltoya
40446,40,40121,Martín Muñoz de las Posadas
40447,40,40148,Nieva
40449,40,40185,Santa María la Real de Nieva
40450,40,40138,Nava de la Asunción
40460,40,40189,Santiuste de San Juan Bautista
40461,40,40138,Nava de la Asunción
40462,40,40010,Aldeanueva del Codonal
40463,40,40058,Codorniz
40464,40,40058,Codorniz
40465,40,40178,San Cristóbal de la Vega
40466,40,40120,Martín Muñoz de la Dehesa
40467,40,40201,Tolocirio
40468,40,40129,Montejo de Arévalo
40469,40,40069,Donhierro
40470,40,40145,Navas de Oro
40480,40,40057,Coca
40490,40,40101,Hontanares de Eresma
40491,40,40022,Armuña
40492,40,40018,Añe
40493,40,40231,Yanguas de Eresma
40494,40,40022,Armuña
40495,40,40068,Domingo García
40496,40,40057,Coca
40500,40,40170,Riaza
40510,40,40170,Riaza
40512,40,40170,Riaza
40513,40,40171,Ribota
40514,40,40024,Ayllón
40515,40,40172,Riofrío de Riaza
40516,40,40079,Fresno de Cantespino
40517,40,40196,Sequera de Fresno
40518,40,40079,Fresno de Cantespino
40520,40,40024,Ayllón
40529,40,40061,Corral de Ayllón
40530,40,40025,Barbolla
40531,40,40071,Encinas
40532,40,40144,Navares de las Cuevas
40533,40,40014,Aldehorno
40540,40,40080,Fresno de la Fuente
40541,40,40099,Honrubia de la Cuesta
40542,40,40132,Moral de Hornuez
40550,40,40029,Bercimuel
40551,40,40055,Cilleruelo de San Mamés
40552,40,40039,Campo de San Pedro
40553,40,40039,Campo de San Pedro
40554,40,40115,Maderuelo
40555,40,40008,Aldealengua de Santa María
40556,40,40109,Languilla
40560,40,40032,Boceguillas
40567,40,40154,Pajarejos
40568,40,40032,Boceguillas
40569,40,40097,Grajera
40590,40,40191,Santo Tomé del Puerto
40591,40,40053,Cerezo de Abajo
40592,40,40054,Cerezo de Arriba
40593,40,40046,Castillejo de Mesleón
40594,40,40024,Ayllón
41001,41,41091,Seville
41002,41,41091,Seville
41003,41,41091,Seville
41004,41,41091,Seville
41005,41,41091,Seville
41006,41,41091,Seville
41007,41,41091,Seville
41008,41,41091,Seville
41009,41,41091,Seville
41010,41,41091,Seville
41011,41,41091,Seville
41012,41,41091,Seville
41013,41,41091,Seville
41014,41,41091,Seville
41015,41,41091,Seville
41016,41,41091,Seville
41017,41,41091,Seville
41018,41,41091,Seville
41019,41,41091,Seville
41020,41,41091,Seville
41070,41,41070,Sevilla (CP 41070)
41071,41,41071,Sevilla (CP 41071)
41080,41,41080,Sevilla (CP 41080)
41089,41,41038,Dos Hermanas
41092,41,41091,Seville
41100,41,41034,Coria del Río
41110,41,41016,Bollullos de la Mitación
41111,41,41010,Almensilla
41120,41,41044,Gelves
41130,41,41079,"Puebla del Río, La"
41140,41,41902,Isla Mayor
41150,41,41902,Isla Mayor
41200,41,41005,Alcalá del Río
41209,41,41005,Alcalá del Río
41210,41,41049,Guillena
41218,41,41049,Guillena
41219,41,41049,Guillena
41220,41,41019,Burguillos
41230,41,41027,Castilblanco de los Arroyos
41240,41,41009,Almadén de la Plata
41250,41,41080,"Real de la Jara, El"
41300,41,41081,"Rinconada, La"
41309,41,41081,"Rinconada, La"
41310,41,41018,Brenes
41318,41,41101,Villaverde del Río
41319,41,41005,Alcalá del Río
41320,41,41023,Cantillana
41330,41,41092,Tocina
41339,41,41024,Carmona
41340,41,41092,Tocina
41350,41,41099,Villanueva del Río y Minas
41359,41,41099,Villanueva del Río y Minas
41360,41,41073,"Pedroso, El"
41370,41,41032,Cazalla de la Sierra
41380,41,41002,Alanís
41388,41,41088,San Nicolás del Puerto
41389,41,41088,San Nicolás del Puerto
41390,41,41048,Guadalcanal
41400,41,41039,Écija
41409,41,41039,Écija
41410,41,41024,Carmona
41420,41,41042,Fuentes de Andalucía
41429,41,41022,"Campana, La"
41430,41,41056,"Luisiana, La"
41439,41,41901,Cañada Rosal
41440,41,41006,Alcolea del Río
41449,41,41006,Alcolea del Río
41450,41,41033,Constantina
41460,41,41066,"Navas de la Concepción, Las"
41470,41,41074,Peñaflor
41479,41,41078,"Puebla de los Infantes, La"
41500,41,41091,Seville
41510,41,41058,Mairena del Alcor
41520,41,41102,"Viso del Alcor, El"
41530,41,41065,Morón de la Frontera
41540,41,41077,"Puebla de Cazalla, La"
41550,41,41001,Aguadulce
41560,41,41041,Estepa
41563,41,41039,Écija
41564,41,41054,Lora de Estepa
41565,41,41037,"Corrales, Los"
41566,41,41072,Pedrera
41567,41,41039,Écija
41568,41,41084,"Rubio, El"
41569,41,41061,Marinaleda
41570,41,41014,Badolatosa
41580,41,41026,Casariche
41590,41,41082,"Roda de Andalucía, La"
41599,41,41014,Badolatosa
41600,41,41011,Arahal
41610,41,41071,Paradas
41620,41,41060,Marchena
41630,41,41052,"Lantejuela, La"
41640,41,41068,Osuna
41650,41,41090,"Saucejo, El"
41657,41,41037,"Corrales, Los"
41658,41,41062,Martín de la Jara
41659,41,41090,"Saucejo, El"
41660,41,41100,Villanueva de San Juan
41661,41,41008,Algámitas
41670,41,41076,Pruna
41700,41,41038,Dos Hermanas
41701,41,41038,Dos Hermanas
41702,41,41038,Dos Hermanas
41703,41,41038,Dos Hermanas
41704,41,41038,Dos Hermanas
41710,41,41095,Utrera
41719,41,41095,Utrera
41720,41,41095,Utrera
41727,41,41095,Utrera
41728,41,41038,Dos Hermanas
41730,41,41032,Cazalla de la Sierra
41731,41,41020,"Cabezas de San Juan, Las"
41740,41,41053,Lebrija
41749,41,41903,"Cuervo de Sevilla, El"
41750,41,41063,"Molares, Los"
41760,41,41036,"Coronil, El"
41770,41,41064,Montellano
41780,41,41035,Coripe
41800,41,41087,Sanlúcar la Mayor
41804,41,41067,Olivares
41805,41,41015,Benacazón
41806,41,41094,Umbrete
41807,41,41040,Espartinas
41808,41,41098,Villanueva del Ariscal
41809,41,41003,Albaida del Aljarafe
41810,41,41030,Castilleja del Campo
41820,41,41025,Carrión de los Céspedes
41830,41,41051,Huévar del Aljarafe
41840,41,41075,Pilas
41849,41,41012,Aznalcázar
41850,41,41097,Villamanrique de la Condesa
41860,41,41045,Gerena
41870,41,41013,Aznalcóllar
41880,41,41083,"Ronquillo, El"
41888,41,41088,San Nicolás del Puerto
41889,41,41031,"Castillo de las Guardas, El"
41890,41,41031,"Castillo de las Guardas, El"
41897,41,41057,"Madroño, El"
41898,41,41031,"Castillo de las Guardas, El"
41899,41,41031,"Castillo de las Guardas, El"
41900,41,41021,Camas
41907,41,41096,Valencina de la Concepción
41908,41,41028,Castilleja de Guzmán
41909,41,41085,Salteras
41910,41,41021,Camas
41920,41,41086,San Juan de Aznalfarache
41927,41,41059,Mairena del Aljarafe
41928,41,41070,Palomares del Río
41930,41,41017,Bormujos
41940,41,41093,Tomares
41950,41,41029,Castilleja de la Cuesta
41960,41,41047,Gines
41970,41,41089,Santiponce
41980,41,41007,"Algaba, La"
41989,41,41007,"Algaba, La"
42001,42,42173,Soria
42002,42,42173,Soria
42003,42,42173,Soria
42004,42,42173,Soria
42005,42,42004,Ágreda
42070,42,42070,Soria (CP 42070)
42071,42,42071,Soria (CP 42071)
42080,42,42080,Soria (CP 42080)
42100,42,42004,Ágreda
42107,42,42004,Ágreda
42108,42,42004,Ágreda
42110,42,42134,Ólvega
42112,42,42100,Hinojosa del Campo
42113,42,42093,Fuentestrún
42120,42,42096,Gómara
42126,42,42021,Almazul
42127,42,42021,Almazul
42128,42,42037,Bliecos
42130,42,42022,Almenar de Soria
42132,42,42132,Noviercas
42134,42,42049,Candilichera
42138,42,42039,Borobia
42140,42,42164,San Leonardo de Yagüe
42141,42,42080,Espeja de San Marcelino
42142,42,42081,Espejón
42145,42,42061,Cidones
42146,42,42001,Abejar
42147,42,42045,Cabrejas del Pinar
42148,42,42070,Cubilla
42149,42,42129,Navaleno
42150,42,42215,Vinuesa
42153,42,42160,"Royo, El"
42154,42,42154,"Cuerda Del Pozo, La (Royo El) (Pantano)"
42156,42,42161,Salduero
42157,42,42069,Covaleda
42158,42,42078,Duruelo de la Sierra
42159,42,42160,"Royo, El"
42161,42,42019,Almarza
42162,42,42042,Buitrago
42164,42,42019,Almarza
42165,42,42174,Sotillo del Rincón
42166,42,42174,Sotillo del Rincón
42167,42,42019,Almarza
42169,42,42019,Almarza
42172,42,42218,Yanguas
42173,42,42166,Santa Cruz de Yanguas
42174,42,42165,San Pedro Manrique
42175,42,42165,San Pedro Manrique
42180,42,42065,Cirujales del Río
42181,42,42054,Carrascosa de la Sierra
42189,42,42128,Narros
42190,42,42173,Soria
42191,42,42071,Cubo de la Solana
42192,42,42095,Golmayo
42193,42,42046,Calatañazor
42200,42,42020,Almazán
42210,42,42030,Barca
42211,42,42059,Centenera de Andaluz
42212,42,42020,Almazán
42213,42,42023,Alpanseque
42214,42,42029,Baraona
42216,42,42123,Morón de Almazán
42218,42,42038,Borjabad
42220,42,42119,Monteagudo de las Vicarías
42222,42,42018,Almaluez
42223,42,42123,Morón de Almazán
42225,42,42108,Maján
42230,42,42115,Miño de Medinaceli
42240,42,42113,Medinaceli
42248,42,42113,Medinaceli
42250,42,42025,Arcos de Jalón
42257,42,42025,Arcos de Jalón
42258,42,42018,Almaluez
42259,42,42025,Arcos de Jalón
42260,42,42167,Santa María de Huerta
42269,50,50259,Torrehermosa
42269,42,50259,Torrehermosa
42290,42,42071,Cubo de la Solana
42291,42,42144,Quintana Redonda
42294,42,42090,Fuentepinilla
42300,42,42043,Burgo de Osma-Ciudad de Osma
42310,42,42043,Burgo de Osma-Ciudad de Osma
42311,42,42053,Carrascosa de Abajo
42313,42,42145,Quintanas de Gormaz
42315,42,42120,Montejo de Tiermes
42317,42,42178,Talveila
42318,42,42043,Burgo de Osma-Ciudad de Osma
42320,42,42103,Langa de Duero
42328,42,42103,Langa de Duero
42329,42,42103,Langa de Duero
42330,42,42162,San Esteban de Gormaz
42340,42,42162,San Esteban de Gormaz
42341,42,42105,Liceras
42342,42,42162,San Esteban de Gormaz
42344,42,42120,Montejo de Tiermes
42345,42,42162,San Esteban de Gormaz
42350,42,42350,Valdegrulla
42351,42,42007,Alcubilla de Avellaneda
42360,42,42035,Berlanga de Duero
42365,42,42365,Fuentetovar
42366,42,42177,Tajueco
42367,42,42048,Caltojar
42368,42,42031,Barcones
42391,42,42162,San Esteban de Gormaz
43001,43,43148,Tarragona
43002,43,43148,Tarragona
43003,43,43148,Tarragona
43004,43,43148,Tarragona
43005,43,43148,Tarragona
43006,43,43148,Tarragona
43007,43,43148,Tarragona
43008,43,43148,Tarragona
43070,43,43070,Tarragona (CP 43070)
43071,43,43071,Tarragona (CP 43071)
43080,43,43080,Tarragona (CP 43080)
43100,43,43148,Tarragona
43110,43,43907,"Canonja, La"
43120,43,43047,Constantí
43130,43,43148,Tarragona
43140,43,43109,la Pobla de Mafumet
43141,43,43166,Vilallonga del Camp
43142,43,43134,el Rourell
43143,43,43080,la Masó
43144,43,43160,Vallmoll
43150,43,43043,el Catllar
43151,43,43100,els Pallaresos
43152,43,43103,Perafort
43153,43,43066,els Garidells
43154,43,43144,la Secuita
43155,43,43103,Perafort
43178,43,43178,La Papiola
43200,43,43200,Reus
43201,43,43123,Reus
43202,43,43123,Reus
43203,43,43123,Reus
43204,43,43123,Reus
43205,43,43123,Reus
43206,43,43171,Vila-seca
43300,43,43092,Mont-roig del Camp
43310,43,43045,Colldejou
43311,43,43167,Vilanova d'Escornalbou
43312,43,43167,Vilanova d'Escornalbou
43320,43,43118,Pratdip
43321,43,43321,Santa Marina (Urbanitzacio)
43330,43,43129,Riudoms
43340,43,43088,Montbrió del Camp
43350,43,43031,les Borges del Camp
43360,43,43049,Cornudella de Montsant
43361,43,43096,la Morera de Montsant
43362,43,43049,Cornudella de Montsant
43363,43,43157,Ulldemolins
43364,43,43057,la Febró
43365,43,43009,Alforja
43370,43,43099,la Palma d'Ebre
43371,43,43075,Margalef
43372,43,43027,"Bisbal de Falset, La"
43373,43,43035,Cabacés
43374,43,43174,la Vilella Baixa
43375,43,43173,la Vilella Alta
43376,43,43112,Poboleda
43379,43,43096,la Morera de Montsant
43380,43,43169,Vilaplana
43381,43,43007,l'Aleixar
43382,43,43081,Maspujols
43390,43,43128,Riudecols
43391,43,43178,Vinyols i els Arcs
43392,43,43042,Castellvell del Camp
43393,43,43011,Almoster
43400,43,43086,Montblanc
43410,43,43086,Montblanc
43411,43,43029,Blancafort
43412,43,43147,Solivella
43413,43,43101,Passanant i Belltall
43414,43,43086,Montblanc
43415,43,43086,Montblanc
43420,43,43139,Santa Coloma de Queralt
43421,08,08021,Bellprat
43421,43,08021,Bellprat
43422,43,43021,Barberà de la Conca
43423,43,43107,Pira
43424,43,43142,Sarral
43425,43,43101,Passanant i Belltall
43426,43,43130,Rocafort de Queralt
43427,43,43073,Llorac
43428,43,43105,les Piles
43429,43,43021,Barberà de la Conca
43430,43,43176,Vimbodí i Poblet
43439,43,43158,Vallclara
43440,43,43054,l'Espluga de Francolí
43448,43,43176,Vimbodí i Poblet
43449,43,43176,Vimbodí i Poblet
43450,43,43124,la Riba
43459,43,43086,Montblanc
43460,43,43005,Alcover
43461,43,43461,Serradalt
43470,43,43145,la Selva del Camp
43479,43,43003,l'Albiol
43480,43,43171,Vila-seca
43481,43,43171,Vila-seca
43490,43,43172,Vilaverd
43491,43,43161,Valls
43500,43,43155,Tortosa
43510,43,43155,Tortosa
43511,43,43149,Tivenys
43512,43,43025,Benifallet
43513,43,43121,Rasquera
43514,43,43077,Mas de Barberans
43515,43,43063,la Galera
43516,43,43068,Godall
43517,43,43155,Tortosa
43518,43,43518,Sant Llatzer
43519,43,43104,el Perelló
43520,43,43133,Roquetes
43527,43,43155,Tortosa
43528,43,43008,Alfara de Carles
43529,43,43133,Roquetes
43530,43,43004,Alcanar
43540,43,43136,Sant Carles de la Ràpita
43548,43,43136,Sant Carles de la Ràpita
43549,43,43014,Amposta
43550,43,43156,Ulldecona
43558,43,43062,Freginals
43559,43,43156,Ulldecona
43560,43,43044,la Sénia
43569,43,43004,Alcanar
43570,43,43138,Santa Bàrbara
43580,43,43901,Deltebre
43590,43,43155,Tortosa
43591,43,43006,Aldover
43592,43,43052,Aldover
43593,43,43102,Paüls
43594,43,43106,el Pinell de Brai
43595,43,43117,Prat de Comte
43596,43,43071,Horta de Sant Joan
43597,43,43018,Arnes
43700,43,43163,el Vendrell
43710,43,43140,Santa Oliva
43711,43,43020,Banyeres del Penedès
43712,43,43074,Llorenç del Penedès
43713,43,43137,Sant Jaume dels Domenys
43714,43,43001,Aiguamúrcia
43715,43,43074,Llorenç del Penedès
43716,43,43002,Albinyana
43717,43,43028,la Bisbal del Penedès
43718,43,43002,Albinyana
43719,43,43024,Bellvei
43720,43,43016,l'Arboç
43729,43,43729,Valdemar (Urbanitzacio)
43730,43,43076,Marçà
43736,43,43058,la Figuera
43737,43,43154,Torroja del Priorat
43738,43,43023,Bellmunt del Priorat
43739,43,43114,Porrera
43740,43,43093,Móra d'Ebre
43746,43,43150,Tivissa
43747,43,43026,Benissanet
43748,43,43067,Ginestar
43749,43,43065,Garcia
43750,43,43060,Flix
43760,43,43095,el Morell
43761,43,43111,la Pobla de Montornès
43762,43,43126,la Riera de Gaià
43763,43,43164,Vespella de Gaià
43764,43,43043,el Catllar
43765,43,43144,la Secuita
43770,43,43094,Móra la Nova
43771,43,43127,Riudecanyes
43772,43,43033,Botarell
43773,43,43017,l'Argentera
43774,43,43151,la Torre de Fontaubella
43775,43,43076,Marçà
43776,43,43040,Capçanes
43777,43,43070,els Guiamets
43780,43,43064,Gandesa
43781,43,43056,la Fatarella
43782,43,43175,Vilalba dels Arcs
43783,43,43110,la Pobla de Massaluca
43784,43,43048,Corbera d'Ebre
43785,43,43032,Bot
43786,43,43022,Batea
43787,43,43041,Caseres
43790,43,43125,Riba-roja d'Ebre
43791,43,43019,Ascó
43792,43,43177,Vinebre
43800,43,43161,Valls
43810,43,43108,el Pla de Santa Maria
43811,43,43036,Cabra del Camp
43812,43,43034,Bràfim
43813,43,43010,Alió
43814,43,43170,Vila-rodona
43815,43,43092,Mont-roig del Camp
43816,43,43120,Querol
43817,43,43113,el Pont d'Armentera
43820,43,43037,Calafell
43830,43,43153,Torredembarra
43839,43,43050,Creixell
43840,43,43905,Salou
43850,43,43038,Cambrils
43860,43,43013,l'Ametlla de Mar
43870,43,43014,Amposta
43877,43,43902,Sant Jaume d'Enveja
43878,43,43078,Masdenverge
43879,43,43014,Amposta
43880,43,43163,el Vendrell
43881,43,43051,Cunit
43882,43,43037,Calafell
43883,43,43131,Roda de Barà
43884,43,43030,Bonastre
43885,43,43135,Salomó
43886,43,43122,Renau
43887,43,43098,Nulles
43890,43,43162,Vandellòs i l'Hospitalet de l'Infant
43891,43,43162,Vandellòs i l'Hospitalet de l'Infant
43892,43,43092,Mont-roig del Camp
43893,43,43012,Altafulla
43894,43,43903,Camarles
43895,43,43906,l'Ampolla
43896,43,43904,L'Aldea
43897,43,43155,Tortosa
44001,44,44216,Teruel
44002,44,44216,Teruel
44003,44,44216,Teruel
44070,44,44070,Teruel (CP 44070)
44071,44,44071,Teruel (CP 44071)
44080,44,44080,Teruel (CP 44080)
44100,44,44009,Albarracín
44110,44,44117,Gea de Albarracín
44111,44,44229,Torres de Albarracín
44112,44,44235,Tramacastilla
44113,44,44163,Noguera de Albarracín
44114,44,44257,Villar del Cobo
44115,44,44120,Guadalaviar
44120,44,44215,Terriente
44121,44,44216,Teruel
44122,44,44127,Jabaloyas
44123,44,44009,Albarracín
44124,44,44159,Moscardón
44125,44,44198,Royuela
44126,44,44109,Frías de Albarracín
44130,44,44263,Villastar
44131,44,44264,Villel
44132,44,44135,Libros
44133,44,44196,Riodeva
44134,44,44218,Tormón
44140,44,44059,Cantavieja
44141,44,44088,"Cuba, La"
44142,44,44126,La Iglesuela del Cid
44143,44,44106,Fortanete
44144,44,44262,Villarroya de los Pinares
44145,44,44021,Allepuz
44146,44,44156,Monteagudo del Castillo
44147,44,44074,Cedrillas
44150,44,44017,Aliaga
44155,44,44001,Ababuj
44156,44,44130,Jorcas
44157,44,44017,Aliaga
44158,44,44017,Aliaga
44159,44,44150,Miravete de la Sierra
44160,44,44016,Alfambra
44161,44,44175,Orrios
44162,44,44216,Teruel
44163,44,44182,Perales del Alfambra
44164,44,44266,Visiedo
44165,44,44028,Argente
44166,44,44200,Rubielos de la Cérida
44167,44,44053,Camañas
44168,44,44062,Cañada Vellida
44169,44,44093,Cuevas de Almudén
44190,44,44216,Teruel
44191,44,44239,Valacloche
44192,44,44216,Teruel
44193,44,44216,Teruel
44194,44,44075,Celadas
44195,44,44216,Teruel
44200,44,44050,Calamocha
44210,44,44050,Calamocha
44211,44,44050,Calamocha
44212,44,44024,Anadón
44213,44,44125,Huesa del Común
44220,44,44035,Barrachina
44221,44,44222,Torrecilla del Rebollar
44222,44,44222,Torrecilla del Rebollar
44223,44,44256,Villanueva del Rebollar de la Sierra
44230,44,44219,Tornos
44231,44,44065,Castejón de Tornos
44232,44,44039,Bello
44233,44,44168,Odón
44300,44,44153,Monreal del Campo
44310,44,44197,Ródenas
44311,44,44258,Villar del Salz
44313,44,44169,Ojos Negros
44314,44,44042,Blancas
44315,44,44190,Pozuel del Campo
44320,44,44033,Báguena
44330,44,44047,Burbáguena
44340,44,44112,Fuentes Claras
44350,44,44056,Caminreal
44357,44,44050,Calamocha
44358,44,44085,Cosa
44359,44,44056,Caminreal
44360,44,44209,Santa Eulalia
44366,44,44174,Orihuela del Tremedal
44367,44,44045,Bronchales
44368,44,44157,Monterde de Albarracín
44369,44,44180,Peracense
44370,44,44076,Cella
44380,44,44261,Villarquemado
44381,44,44228,Torremocha de Jiloca
44382,44,44003,Aguatón
44390,44,44207,San Martín del Río
44391,44,44050,Calamocha
44392,44,44050,Calamocha
44393,44,44232,Torrijo del Campo
44394,44,44046,Bueña
44395,44,44007,Alba
44396,44,44216,Teruel
44397,44,44216,Teruel
44400,44,44158,Mora de Rubielos
44409,44,44070,El Castellar
44410,44,44160,Mosqueruela
44411,44,44193,Puertomingalvo
44412,44,44137,Linares de Mora
44413,44,44244,Valdelinares
44414,44,44165,Nogueruelas
44415,44,44113,Fuentes de Rubielos
44420,44,44143,Manzanera
44421,44,44026,Arcos de las Salinas
44422,44,44002,Abejuela
44423,44,44143,Manzanera
44424,44,44010,Albentosa
44430,44,44240,Valbona
44431,44,44012,Alcalá de la Selva
44432,44,44012,Alcalá de la Selva
44433,44,44121,Gúdar
44440,44,44103,Formiche Alto
44441,44,44103,Formiche Alto
44450,44,44192,"Puebla de Valverde, La"
44459,44,44054,Camarena de la Sierra
44460,44,44210,Sarrión
44470,44,44470,Rubielos De Mora (Estacion)
44477,44,44010,Albentosa
44478,44,44171,Olba
44479,44,44171,Olba
44480,44,44206,San Agustín
44490,44,44101,Ferreruela de Huerva
44491,44,44032,Bádenas
44492,44,44102,Fonfría
44493,44,44138,Loscos
44494,44,44252,Villahermosa del Campo
44495,44,44050,Calamocha
44496,44,44050,Calamocha
44497,44,44208,Santa Cruz de Nogueras
44500,44,44025,Andorra
44509,44,44022,Alloza
44510,44,44191,"Puebla de Híjar, La"
44520,44,44205,Samper de Calanda
44530,44,44122,Híjar
44540,44,44008,Albalate del Arzobispo
44547,44,44029,Ariño
44548,44,44172,Oliete
44549,44,44006,Alacón
44550,44,44014,Alcorisa
44555,44,44183,Pitarque
44556,44,44040,Berge
44557,44,44087,Crivillén
44558,44,44100,Estercuel
44559,44,44096,Ejulve
44560,44,44071,Castellote
44561,44,44212,Seno
44562,44,44071,Castellote
44563,44,44071,Castellote
44564,44,44145,Mas de las Matas
44565,44,44071,Castellote
44566,44,44004,Aguaviva
44570,44,44051,Calanda
44579,44,44107,Foz-Calanda
44580,44,44246,Valderrobres
44586,44,44179,Peñarroya de Tastavins
44587,44,44114,Fuentespalda
44588,44,44037,Beseit / Beceite
44589,44,44187,"Portellada, La"
44590,44,44031,Azaila
44591,44,50021,Almochuel
44591,50,50021,Almochuel
44592,44,44067,Castelnou
44593,44,44237,Urrea de Gaén
44594,44,44241,Valdealgorfa
44595,44,44247,Valjunquera
44596,44,44108,"Fresneda, La"
44597,44,44225,Torre del Compte
44600,44,44013,Alcañiz
44610,44,44049,Calaceite
44620,44,44245,Valdeltormo
44621,44,44147,Mazaleón
44622,44,44027,Arenys de Lledó / Arens de Lledó
44623,44,44086,Cretas
44624,44,44141,Lledó
44630,44,44068,Castelserás
44640,44,44080,"Codoñera, La"
44641,44,44230,Torrevelilla
44642,44,44038,Bellmunt de Mesquí / Belmonte de San José
44643,44,44061,"Cañada de Verich, La"
44650,44,44105,Fórnoles
44651,44,44077,"Cerollera, La"
44652,44,44154,Monroyo
44653,44,44223,Torre de Arcas
44660,44,44013,Alcañiz
44661,44,44013,Alcañiz
44700,44,44155,Montalbán
44706,44,44066,Castel de Cabra
44707,44,44063,Cañizar del Olivar
44708,44,44176,Palomar de Arroyos
44709,44,44155,Montalbán
44710,44,44195,Rillo
44711,44,44111,Fuentes Calientes
44712,44,44195,Rillo
44720,44,44177,Pancrudo
44721,44,44085,Cosa
44730,44,44144,Martín del Río
44740,44,44267,Vivel del Río Martín
44741,44,44110,Fuenferrada
44742,44,44267,Vivel del Río Martín
44750,44,44144,Martín del Río
44760,44,44238,Utrillas
44769,44,44238,Utrillas
44770,44,44099,Escucha
44779,44,44099,Escucha
44780,44,44161,Muniesa
44790,44,44043,Blesa
44791,44,44084,Cortes de Aragón
44792,44,44011,Alcaine
44793,44,44203,Salcedillo
45001,45,45168,Toledo
45002,45,45168,Toledo
45003,45,45168,Toledo
45004,45,45168,Toledo
45005,45,45168,Toledo
45006,45,45168,Toledo
45007,45,45168,Toledo
45008,45,45168,Toledo
45070,45,45070,Toledo (CP 45070)
45071,45,45071,Toledo (CP 45071)
45080,45,45080,Toledo (CP 45080)
45100,45,45163,Sonseca
45109,45,45124,Orgaz
45110,45,45001,Ajofrín
45111,45,45052,Cobisa
45112,45,45023,Burguillos de Toledo
45113,45,45057,Chueca
45114,45,45096,Mazarambroz
45120,45,45098,Menasalbas
45121,45,45098,Menasalbas
45122,45,45016,Argés
45123,45,45083,Layos
45124,45,45042,Casasbuenas
45125,45,45140,Pulgar
45126,45,45055,Cuerva
45127,45,45182,"Ventas con Peña Aguilera, Las"
45128,45,45098,Menasalbas
45130,45,45113,"Navalucillos, Los"
45138,45,45113,"Navalucillos, Los"
45139,45,45113,"Navalucillos, Los"
45140,45,45112,"Navalmorales, Los"
45150,45,45109,Navahermosa
45159,45,45075,Hontanar
45160,45,45070,Guadamur
45161,45,45133,Polán
45162,45,45116,Noez
45163,45,45174,Totanés
45164,45,45067,Gálvez
45165,45,45151,San Martín de Montalbán
45170,45,45152,San Martín de Pusa
45179,45,45194,Villarejo de Montalbán
45180,45,45031,Camarena
45181,45,45032,Camarenilla
45182,45,45015,Arcicóllar
45183,45,45183,"Ventas de Retamosa, Las"
45190,45,45107,Nambroca
45191,45,45107,Nambroca
45200,45,45081,Illescas
45210,45,45205,Yuncos
45211,45,45145,Recas
45212,45,45085,Lominchar
45213,45,45127,Palomeque
45214,45,45047,Cedillo del Condado
45215,45,45199,"Viso de San Juan, El"
45216,45,45038,Carranque
45217,45,45176,Ugena
45220,45,45201,Yeles
45221,45,45064,Esquivias
45222,45,45021,Borox
45223,45,45161,Seseña
45224,45,45161,Seseña
45230,45,45119,Numancia de la Sagra
45240,45,45002,Alameda de la Sagra
45250,45,45014,Añover de Tajo
45260,45,45196,Villaseca de la Sagra
45270,45,45102,Mocejón
45280,45,45122,Olías del Rey
45290,45,45128,Pantoja
45291,45,45051,Cobeja
45292,45,45196,Villaseca de la Sagra
45300,45,45121,Ocaña
45310,45,45198,Villatobas
45311,45,45059,Dosbarrios
45312,45,45026,Cabañas de Yepes
45313,45,45202,Yepes
45314,45,45050,Ciruelos
45340,45,45123,Ontígola
45350,45,45115,Noblejas
45360,45,45195,Villarrubia de Santiago
45370,45,45156,Santa Cruz de la Zarza
45400,45,45106,Mora
45410,45,45193,Villanueva de Bogas
45420,45,45012,Almonacid de Toledo
45430,45,45094,Mascaraque
45440,45,45190,Villaminaya
45450,45,45124,Orgaz
45460,45,45090,Manzaneque
45470,45,45200,"Yébenes, Los"
45479,45,45092,Marjaliza
45480,45,45200,"Yébenes, Los"
45489,45,45489,Quintos Del Pizarro
45500,45,45173,Torrijos
45510,45,45066,Fuensalida
45511,45,45077,Huecas
45512,45,45134,Portillo de Toledo
45513,45,45157,Santa Cruz del Retamar
45514,45,45143,Quismondo
45515,45,45091,Maqueda
45516,45,45136,"Puebla de Montalbán, La"
45517,45,45062,Escalonilla
45518,45,45069,Gerindote
45519,45,45118,Novés
45520,45,45188,Villaluenga de la Sagra
45521,45,45024,Burujón
45522,45,45003,Albarreal de Tajo
45523,45,45004,Alcabón
45524,45,45147,Rielves
45525,45,45018,Barcience
45526,45,45901,Santo Domingo-Caudilla
45529,45,45203,Yuncler
45530,45,45101,Miguel Esteban
45531,45,45036,Carmena
45532,45,45039,Carriches
45533,45,45037,"Carpio de Tajo, El"
45534,45,45095,"Mata, La"
45540,45,45066,Fuensalida
45541,45,45100,Mesegar de Tajo
45542,45,45040,"Casar de Escalona, El"
45543,45,45126,Otero
45544,45,45058,Domingo Pérez
45560,45,45125,Oropesa
45567,45,45082,Lagartera
45568,45,45184,"Ventas de San Julián, Las"
45569,45,45125,Oropesa
45570,45,45138,"Puente del Arzobispo, El"
45571,45,45007,Alcolea de Tajo
45572,45,45172,Torrico
45573,45,45111,Navalmoralejo
45574,45,45065,"Estrella, La"
45575,45,45010,Aldeanueva de San Bartolomé
45576,45,45010,Aldeanueva de San Bartolomé
45577,45,45139,Puerto de San Vicente
45578,45,45033,"Campillo de la Jara, El"
45580,45,45028,Calera y Chozas
45588,45,45073,Herreruela de Oropesa
45589,45,45029,Caleruela
45590,45,45088,Magán
45591,45,45204,Yunclillos
45592,45,45025,Cabañas de la Sagra
45593,45,45019,Bargas
45594,45,45189,Villamiel de Toledo
45600,45,45125,Oropesa
45610,45,45110,Navalcán
45611,45,45130,Parrillas
45612,45,45181,Velada
45613,45,45165,Talavera de la Reina
45614,45,45165,Talavera de la Reina
45620,45,45105,Montesclaros
45621,45,45160,Segurilla
45622,45,45097,Mejorada
45630,45,45114,Navamorcuende
45631,45,45011,Almendral de la Cañada
45632,45,45159,Sartajada
45633,45,45079,"Iglesuela, La"
45634,45,45022,Buenaventura
45635,45,45164,Sotillo de las Palomas
45636,45,45093,Marrupe
45637,45,45049,Cervera de los Montes
45638,45,45132,Pepino
45640,45,45144,"Real de San Vicente, El"
45641,45,45043,Castillo de Bayuela
45642,45,45035,Cardiel de los Montes
45643,45,45068,Garciotum
45644,45,45120,Nuño Gómez
45645,45,45074,Hinojosa de San Vicente
45646,45,45154,San Román de los Montes
45650,45,45063,Espinoso del Rey
45651,45,45170,Torrecilla de la Jara
45652,45,45146,Retamoso de la Jara
45653,45,45155,Santa Ana de Pusa
45654,45,45150,San Bartolomé de las Abiertas
45660,45,45020,Belvís de la Jara
45661,45,45009,Aldeanueva de Barbarroya
45662,45,45006,Alcaudete de la Jara
45663,45,45072,"Herencias, Las"
45664,45,45072,"Herencias, Las"
45670,45,45108,"Nava de Ricomalillo, La"
45671,45,45162,Sevilleja de la Jara
45672,45,45162,Sevilleja de la Jara
45673,45,45162,Sevilleja de la Jara
45674,45,45148,Robledo del Mazo
45675,45,45148,Robledo del Mazo
45676,45,45148,Robledo del Mazo
45677,45,45148,Robledo del Mazo
45678,45,45148,Robledo del Mazo
45680,45,45046,Cebolla
45681,45,45681,Illan De Vacas (Pueblo)
45682,45,45048,"Cerralbos, Los"
45683,45,45045,Cazalegas
45684,45,45086,Lucillos
45685,45,45104,Montearagón
45686,45,45028,Calera y Chozas
45687,45,45005,Alcañizo
45690,45,45137,"Pueblanueva, La"
45691,45,45137,"Pueblanueva, La"
45692,45,45089,Malpica de Tajo
45693,45,45089,Malpica de Tajo
45694,45,45165,Talavera de la Reina
45695,45,45028,Calera y Chozas
45700,45,45053,Consuegra
45710,45,45087,Madridejos
45720,45,45034,Camuñas
45730,45,45187,Villafranca de los Caballeros
45740,45,45197,Villasequilla
45749,45,45191,Villamuelas
45750,45,45026,Cabañas de Yepes
45760,45,45071,"Guardia, La"
45770,45,45149,"Romeral, El"
45780,45,45166,Tembleque
45789,45,45175,Turleque
45790,45,45141,Quero
45800,45,45142,Quintanar de la Orden
45810,45,45192,Villanueva de Alcardete
45820,45,45167,"Toboso, El"
45830,45,45101,Miguel Esteban
45840,45,45135,"Puebla de Almoradiel, La"
45850,45,45186,"Villa de Don Fadrique, La"
45860,45,45185,Villacañas
45870,45,45084,Lillo
45880,45,45054,Corral de Almaguer
45890,45,45027,Cabezamesada
45900,45,45013,Almorox
45908,45,45008,Aldea en Cabo
45909,45,45157,Santa Cruz del Retamar
45910,45,45061,Escalona
45917,45,45117,Nombela
45918,45,45131,Pelahustán
45919,45,45076,Hormigos
45920,45,45171,"Torre de Esteban Hambrán, La"
45930,45,45099,Méntrida
45940,45,45180,Valmojado
45950,45,45041,Casarrubios del Monte
45960,45,45056,Chozas de Canales
46001,46,46250,Valencia
46002,46,46250,Valencia
46003,46,46250,Valencia
46004,46,46250,Valencia
46005,46,28079,Madrid
46006,46,46250,Valencia
46007,46,46250,Valencia
46008,46,46250,Valencia
46009,46,46250,Valencia
46010,46,46250,Valencia
46011,46,46250,Valencia
46012,46,46250,Valencia
46013,46,46250,Valencia
46014,46,46250,Valencia
46015,46,46250,Valencia
46016,46,46237,Tavernes Blanques
46017,46,46250,Valencia
46018,46,46250,Valencia
46019,46,46250,Valencia
46020,46,46250,Valencia
46021,46,46250,Valencia
46022,46,46250,Valencia
46023,46,46250,Valencia
46024,46,46250,Valencia
46025,46,46250,Valencia
46026,46,46250,Valencia
46035,46,46250,Valencia
46070,46,46070,Valencia (CP 46070)
46071,46,46071,Valencia (CP 46071)
46080,46,46080,Valencia (CP 46080)
46100,46,46078,Burjassot
46110,46,46135,Godella
46111,46,46216,Rocafort
46112,46,46250,Valencia
46113,46,46171,Moncada
46114,46,46260,Vinalesa
46115,46,46025,Alfara del Patriarca
46116,46,46116,Masias
46117,46,46070,Bétera
46118,46,46228,Serra
46119,46,46178,Náquera
46120,46,46013,Alboraya
46127,46,46127,Campamento Militar De Betera
46130,46,46164,Massamagrell
46131,46,46250,Valencia
46132,46,46032,Almàssera
46133,46,46166,Meliana
46134,46,46126,Foios
46135,46,46250,Valencia
46136,46,46177,Museros
46137,46,46199,la Pobla de Farnals
46138,46,46207,Rafelbunyol/Rafelbuñol
46139,46,46199,la Pobla de Farnals
46140,46,46001,Ademuz
46141,46,46092,Castielfabib
46142,46,46142,Los Santos
46143,46,46242,Torrebaja
46144,46,46144,Torrealta
46145,46,46252,Vallanca
46146,46,46088,Casas Bajas
46147,46,46087,Casas Altas
46148,46,46030,Algimia de Alfara
46149,46,46134,Gilet
46150,46,46150,Campamento De Marines
46160,46,46147,Llíria
46162,46,46141,Higueruelas
46163,46,46161,Marines
46164,46,46191,Pedralba
46165,46,46076,Bugarra
46166,46,46133,Gestalgar
46167,46,46112,Chulilla
46168,46,46234,Sot de Chera
46169,46,46902,Gátova
46170,46,46258,Villar del Arzobispo
46171,46,46089,Casinos
46172,46,46018,Alcublas
46173,46,46149,Losa del Obispo
46174,46,46114,Domeño
46175,46,46079,Calles
46176,46,46106,Chelva
46177,46,46247,Tuéjar
46178,46,46262,La Yesa
46179,46,46041,Aras de los Olmos
46180,46,46051,Benaguasil
46181,46,46067,Benisanó
46182,46,46190,Paterna
46183,46,46116,"Eliana, l'"
46184,46,46903,San Antonio de Benagéber
46185,46,46202,"Pobla de Vallbona, la"
46190,46,46214,Riba-roja de Túria
46191,46,46256,Vilamarxant
46192,46,46172,Montserrat
46193,46,46176,Montroy
46194,46,46212,Real
46195,46,46156,Llombai
46196,46,46093,Catadau
46197,46,46026,Alfarp
46198,46,46115,Dos Aguas
46199,46,46167,Millares
46200,46,46186,Paiporta
46210,46,46193,Picanya
46220,46,46015,Alcàsser
46225,46,46225,Centro Penitenciario Picassent
46229,46,46229,Fuente Del Omet
46230,46,46031,Alginet
46240,46,46085,Carlet
46249,46,46249,Villarrubia De Carlet
46250,46,46220,Sagunto/Sagunt
46260,46,46011,Alberic
46266,46,46040,Antella
46267,46,46130,Gavarda
46268,46,46017,Alzira
46269,46,46246,Tous
46270,46,46257,Villanueva de Castellón
46290,46,46015,Alcàsser
46291,46,46063,Benimodo
46292,46,46162,Massalavés
46293,46,46016,Alcàntera de Xúquer
46294,46,46084,Càrcer
46295,46,46236,Sumacàrcer
46300,46,46249,Utiel
46310,46,46254,Venta del Moro
46311,46,46254,Venta del Moro
46312,46,46249,Utiel
46313,46,46249,Utiel
46314,46,46129,Fuenterrobles
46315,46,46095,Caudete de las Fuentes
46317,46,46259,Villargordo del Cabriel
46320,46,46232,Sinarcas
46321,46,46249,Utiel
46330,46,46080,Camporrobles
46339,46,46339,La Loberuela
46340,46,46213,Requena
46350,46,46108,Chera
46351,46,46106,Chelva
46352,46,46213,Requena
46353,46,46213,Requena
46354,46,46213,Requena
46355,46,46213,Requena
46356,46,46213,Requena
46357,46,46213,Requena
46360,46,46077,Buñol
46367,46,46261,Yátova
46368,46,46158,Macastre
46369,46,46012,Alborache
46370,46,46111,Chiva
46380,46,46109,Cheste
46388,46,46136,Godelleta
46389,46,46248,Turís
46390,46,46213,Requena
46391,46,46213,Requena
46392,46,46229,Siete Aguas
46393,46,46148,Loriguilla
46394,46,46394,"Oliveral, Del (Masia)"
46400,46,46105,Cullera
46408,46,46105,Cullera
46409,46,46105,Cullera
46410,46,46235,Sueca
46417,46,46215,Riola
46418,46,46125,Fortaleny
46419,46,46235,Sueca
46420,46,46235,Sueca
46430,46,46233,Sollana
46439,46,46233,Sollana
46440,46,46035,Almussafes
46450,46,46204,"Puig de Santa Maria, el"
46460,46,46230,Silla
46469,46,46065,Beniparrell
46470,46,46094,Catarroja
46500,46,46220,Sagunto/Sagunt
46501,46,46192,Petrés
46510,46,46103,Quartell
46511,46,46058,Benifairó de les Valls
46512,46,46122,Faura
46513,46,46513,Estacion De Los Valles
46514,46,46052,Benavites
46515,46,46101,Quart de les Valls
46520,46,46220,Sagunto/Sagunt
46529,46,46082,Canet d'En Berenguer
46530,46,46220,Sagunto/Sagunt
46540,46,46204,"Puig de Santa Maria, el"
46550,46,46014,Albuixech
46560,46,46163,Massalfassar
46590,46,46120,Estivella
46591,46,46010,Albalat dels Tarongers
46592,46,46224,Segart
46593,46,46028,Algar de Palancia
46594,46,46024,Alfara de la Baronia
46595,46,46245,Torres Torres
46600,46,46017,Alzira
46610,46,46139,Guadassuar
46611,46,46064,Benimuslem
46612,46,46098,Corbera
46613,46,46155,Llaurí
46614,46,46123,Favara
46620,46,46044,Ayora
46621,46,46263,Zarra
46622,46,46239,Teresa de Cofrentes
46623,46,46144,Jarafuel
46624,46,46142,Jalance
46625,46,46097,Cofrentes
46630,46,46128,"Font de la Figuera, la"
46635,46,46124,Fontanars dels Alforins
46640,46,46170,Mogente/Moixent
46650,46,46081,Canals
46659,46,46081,Canals
46660,46,46160,Manuel
46666,46,46209,Rafelguaraf
46667,46,46045,Barxeta
46668,46,46151,Llocnou d'En Fenollet
46669,46,46227,Senyera
46670,46,46203,"Pobla Llarga, la"
46680,46,46029,Algemesí
46687,46,46008,Albalat de la Ribera
46688,46,46197,Polinyà de Xúquer
46689,46,46904,Benicull de Xúquer
46690,46,46020,"Alcúdia de Crespins, l'"
46691,46,46251,Vallada
46692,46,46174,Montesa
46700,46,46700,Gandia
46701,46,46131,Gandia
46702,46,46131,Gandia
46703,46,46066,Benirredrà
46710,46,46113,Daimús
46711,46,46168,Miramar
46712,46,46195,Piles
46713,46,46048,Bellreguard
46714,46,46188,Palmera
46715,46,46037,"Alqueria de la Comtessa, l'"
46716,46,46208,Rafelcofer
46717,46,46089,Casinos
46720,46,46255,Villalonga
46721,46,46198,Potríes
46722,46,46061,Beniflá
46723,46,46034,Almoines
46724,46,46187,Palma de Gandía
46725,46,46023,Alfauir
46726,46,46091,Castellonet de la Conquesta
46727,46,46211,Real de Gandía
46728,46,46131,Gandia
46729,46,46002,Ador
46730,46,46131,Gandia
46740,46,46083,Carcaixent
46749,46,46083,Carcaixent
46750,46,46231,Simat de la Valldigna
46758,46,46046,Barx
46759,46,46759,Corrales De Valldigna
46760,46,46238,Tavernes de la Valldigna
46770,46,46143,Xeraco
46780,46,46181,Oliva
46790,46,46146,Xeresa
46791,46,46059,Benifairó de la Valldigna
46792,46,46017,Alzira
46800,46,46145,Xàtiva
46810,46,46118,Enguera
46811,46,46118,Enguera
46812,46,46042,Aielo de Malferit
46813,46,46081,Canals
46814,46,46137,"Granja de la Costera, la"
46815,46,46157,"Llosa de Ranes, la"
46816,46,46217,Rotglà i Corberà
46817,46,46121,Estubeny
46818,46,46253,Vallés
46819,46,46180,Novelé/Novetlè
46820,46,46039,Anna
46821,46,46107,Chella
46822,46,46073,Bolbaite
46823,46,46179,Navarrés
46824,46,46206,Quesa
46825,46,46071,Bicorp
46830,46,46062,Benigànim
46837,46,46104,Quatretonda
46838,46,46057,Benicolet
46839,46,46069,Benisuera
46840,46,46200,"Pobla del Duc, la"
46841,46,46090,Castelló de Rugat
46842,46,46043,Aielo de Rugat
46843,46,46221,Salem
46844,46,46056,Beniatjar
46850,46,46183,"Olleria, l'"
46860,46,46006,Albaida
46868,46,46047,Bèlgida
46869,46,46003,Atzeneta d'Albaida
46870,46,46184,Ontinyent
46880,46,46072,Bocairent
46890,46,46004,Agullent
46891,46,46075,Bufali
46892,46,46173,Montaverner
46893,46,46027,Alfarrasí
46894,46,46132,Genovés
46900,46,46244,Torrent
46901,46,46244,Torrent
46909,46,46244,Torrent
46910,46,46022,Alfafar
46920,46,46169,Mislata
46930,46,46102,Quart de Poblet
46940,46,46159,Manises
46950,46,46110,Xirivella
46960,46,46021,Aldaia
46970,46,46005,Alaquàs
46980,46,46190,Paterna
46988,46,46190,Paterna
46989,46,46190,Paterna
47001,47,47186,Valladolid
47002,47,47186,Valladolid
47003,47,47186,Valladolid
47004,47,47186,Valladolid
47005,47,47186,Valladolid
47006,47,47186,Valladolid
47007,47,47186,Valladolid
47008,47,47186,Valladolid
47009,47,47186,Valladolid
47010,47,47186,Valladolid
47011,47,47186,Valladolid
47012,47,47186,Valladolid
47013,47,47186,Valladolid
47014,47,47186,Valladolid
47015,47,47186,Valladolid
47016,47,47186,Valladolid
47017,47,47186,Valladolid
47018,47,47186,Valladolid
47070,47,47070,Valladolid (CP 47070)
47071,47,47071,Valladolid (CP 47071)
47080,47,47080,Valladolid (CP 47080)
47100,47,47165,Tordesillas
47110,47,47036,Casasola de Arión
47111,47,47210,Villalar de los Comuneros
47112,47,47113,Pedrosa del Rey
47113,47,47213,Villalbarba
47114,47,47083,Matilla de los Caños
47115,47,47017,Bercero
47116,47,47121,Pollos
47120,47,47097,Mota del Marqués
47129,47,47001,Adalia
47130,47,47161,Simancas
47131,47,47191,Velliza
47132,47,47146,San Miguel del Pino
47133,47,47081,Marzales
47134,47,47225,Villasexmir
47140,47,47186,Valladolid
47150,47,47193,Viana de Cega
47151,47,47023,Boecillo
47152,47,47186,Valladolid
47153,47,47186,Valladolid
47155,47,47155,Santovenia de Pisuerga
47160,47,47122,Portillo
47161,47,47175,Tudela de Duero
47162,47,47007,Aldeamayor de San Martín
47164,47,47145,San Miguel del Arroyo
47165,47,47032,Camporredondo
47166,47,47194,Viloria
47169,47,47007,Aldeamayor de San Martín
47170,47,47133,Renedo de Esgueva
47171,47,47044,Castronuevo de Esgueva
47172,47,47224,Villarmentero de Esgueva
47173,47,47105,Olmos de Esgueva
47174,47,47221,Villanueva de los Infantes
47175,47,47117,Piña de Esgueva
47176,47,47061,Esguevillas de Esgueva
47177,47,47009,Amusquillo
47180,47,47206,Villafuerte
47181,47,47200,Villaco
47182,47,47047,Castroverde de Cerrato
47183,47,47169,Torre de Esgueva
47184,47,47062,Fombellida
47185,47,47034,Canillas de Esgueva
47186,47,47092,Montealegre de Campos
47190,47,47230,Wamba
47191,47,47051,Ciguñuela
47192,47,47041,Castrodeza
47193,47,47052,Cistérniga
47194,47,47066,Fuensaldaña
47195,47,47010,Arroyo de la Encomienda
47196,47,47111,"Pedraja de Portillo, La"
47197,47,47186,Valladolid
47200,47,47184,Valoria la Buena
47209,47,47144,San Martín de Valvení
47210,47,47011,Ataquines
47219,47,47141,Salvador de Zapardiel
47220,47,47124,Pozaldez
47230,47,47082,Matapozuelos
47231,47,47159,Serrada
47232,47,47232,Ventosa De La Cuesta
47237,47,47237,Villalba De Adaja
47238,47,47082,Matapozuelos
47239,47,47159,Serrada
47240,47,47182,Valdestillas
47250,47,47090,Mojados
47260,47,47027,Cabezón de Pisuerga
47270,47,47050,Cigales
47280,47,47055,Corcos
47281,47,47055,Corcos
47282,47,47174,Trigueros del Valle
47283,47,47130,Quintanilla de Trigueros
47290,47,47057,Cubillas de Santa Marta
47300,47,47114,Peñafiel
47310,47,47030,Campaspero
47311,47,47033,Canalejas de Peñafiel
47312,47,47012,Bahabón
47313,47,47170,Torre de Peñafiel
47314,47,47077,Langayo
47315,47,47116,Pesquera de Duero
47316,47,47059,Curiel de Duero
47317,47,47056,Corrales de Duero
47318,47,47038,Castrillo de Duero
47319,47,47131,Rábano
47320,47,47093,Montemayor de Pililla
47328,47,47110,"Parrilla, La"
47329,47,47226,Villavaquerín
47330,47,47154,Santibáñez de Valcorba
47331,47,47154,Santibáñez de Valcorba
47340,47,47157,Sardón de Duero
47350,47,47129,Quintanilla de Onésimo
47359,47,47103,Olivares de Duero
47360,47,47127,Quintanilla de Arriba
47400,47,47085,Medina del Campo
47410,47,47104,Olmedo
47418,47,47002,Aguasal
47419,47,47126,Puras
47420,47,47075,Íscar
47430,47,47112,Pedrajas de San Esteban
47440,47,47087,Megeces
47450,47,47123,Pozal de Gallinas
47451,47,47104,Olmedo
47452,47,47232,"Zarza, La"
47453,47,47132,Ramiro
47454,47,47095,Moraleja de las Panaderas
47460,47,47031,"Campillo, El"
47461,47,47025,Brahojos de Medina
47462,47,47020,Bobadilla del Campo
47463,47,47189,Velascálvaro
47464,47,47102,Nueva Villa de las Torres
47465,47,47228,Villaverde de Medina
47470,47,47035,Carpio
47480,47,47065,Fresno el Viejo
47490,47,47139,Rueda
47491,47,47158,"Seca, La"
47492,47,47085,Medina del Campo
47493,47,47156,San Vicente del Palacio
47494,47,47138,Rubí de Bracamonte
47500,47,47101,Nava del Rey
47509,47,47139,Rueda
47510,47,47004,Alaejos
47511,47,47160,Siete Iglesias de Trabancos
47512,47,47037,Castrejón de Trabancos
47513,47,47167,Torrecilla de la Orden
47520,47,47045,Castronuño
47529,47,47204,Villafranca de Duero
47530,47,47150,San Román de Hornija
47600,47,47214,Villalón de Campos
47606,47,47203,Villafrades de Campos
47607,47,47073,Herrín de Campos
47608,47,47026,Bustillo de Chaves
47609,47,47153,Santervás de Campos
47610,47,47231,Zaratán
47620,47,47217,Villanubla
47630,47,47099,"Mudarra, La"
47639,47,47212,Villalba de los Alcores
47640,47,47115,Peñaflor de Hornija
47641,47,47043,Castromonte
47650,47,47058,Cuenca de Campos
47664,47,47046,Castroponce
47670,47,47015,Becilla de Valderaduey
47671,47,47177,Urones de Castroponce
47672,47,47183,Valdunquillo
47673,47,47128,Quintanilla del Molar
47674,47,47013,Barcial de la Loma
47675,47,47024,Bolaños de Campos
47676,47,47229,Villavicencio de los Caballeros
47680,47,47084,Mayorga
47686,47,47089,Melgar de Arriba
47687,47,47088,Melgar de Abajo
47688,47,47091,Monasterio de Vega
47689,47,47040,Castrobol
47690,47,47185,Valverde de Campos
47691,47,47094,Moral de la Reina
47692,47,47048,Ceinos de Campos
47800,47,47086,Medina de Rioseco
47810,47,47205,Villafrechós
47811,47,47096,Morales de Campos
47812,47,47109,Palazuelo de Vedija
47813,47,47019,Berrueces
47814,47,47003,Aguilar de Campos
47815,47,47196,Villabaruz de Campos
47816,47,47092,Montealegre de Campos
47820,47,47197,Villabrágima
47830,47,47164,Tordehumos
47831,47,47125,Pozuelo de la Orden
47832,47,47029,Cabreros del Monte
47840,47,47207,Villagarcía de Campos
47850,47,47220,Villanueva de los Caballeros
47851,47,47148,San Pedro de Latarce
47860,47,47223,Villardefrades
47862,47,47178,Urueña
47870,47,47163,Tiedra
47880,47,47016,Benafarces
47881,47,47881,Pobladura De Sotiedra
47882,47,47042,Castromembibre
47883,47,47227,Villavellid
48001,48,48020,Bilbao
48002,48,48020,Bilbao
48003,48,48011,Arrigorriaga
48004,48,48020,Bilbao
48005,48,48020,Bilbao
48006,48,48020,Bilbao
48007,48,48020,Bilbao
48008,48,48020,Bilbao
48009,48,48020,Bilbao
48010,48,48020,Bilbao
48011,48,48020,Bilbao
48012,48,48020,Bilbao
48013,48,48020,Bilbao
48014,48,48020,Bilbao
48015,48,48020,Bilbao
48070,48,48070,Bilbao
48071,48,48071,Bilbao
48080,48,48080,Bilbao
48100,48,48069,Mungia
48110,48,48040,Gatika
48111,48,48053,Laukiz
48112,48,48061,Maruri-Jatabe
48113,48,48038,Gamiz-Fika
48114,48,48010,Arrieta
48115,48,48066,Morga
48116,48,48035,Fruiz
48120,48,48069,Mungia
48130,48,48012,Bakio
48140,48,48006,Arantzazu
48141,48,48026,Dima
48142,48,48023,Artea
48143,48,48093,Areatza
48144,48,48024,Zeanuri
48145,48,48088,Ubide
48150,48,48904,Sondika
48160,48,48089,Urduliz
48170,48,48905,Zamudio
48180,48,48903,Loiu
48190,48,48086,Sopuerta
48191,48,48086,Sopuerta
48192,48,48042,Gordexola
48194,48,48042,Gordexola
48195,48,48052,Larrabetzu
48196,48,48081,Lezama
48200,48,48027,Durango
48210,48,48072,Otxandio
48211,48,48211,Urkiola
48212,48,48059,Mañaria
48213,48,48050,Izurtza
48215,48,48910,Iurreta
48220,48,48001,Abadiño
48230,48,48032,Elorrio
48240,48,48019,Berriz
48249,48,48019,Berriz
48250,48,48095,Zaldibar
48260,48,48034,Ermua
48269,48,48058,Mallabia
48270,48,48060,Markina-Xemein
48276,48,48060,Markina-Xemein
48277,48,48030,Etxebarria
48278,48,48060,Markina-Xemein
48280,48,48057,Lekeitio
48287,48,48028,Ea
48288,48,48049,Ispaster
48289,48,48004,Amoroto
48291,48,48091,Atxondo
48300,48,48046,Gernika-Lumo
48309,48,48079,Errigoiti
48310,48,48031,Elantxobe
48311,48,48028,Ea
48312,48,48909,Nabarniz
48313,48,48033,Ereño
48314,48,48041,Gautegiz Arteaga
48315,48,48907,Kortezubi
48320,48,48911,Ajangiz
48330,48,48055,Lemoa
48340,48,48003,Amorebieta-Etxano
48350,48,48021,Busturia
48360,48,48068,Mundaka
48370,48,48017,Bermeo
48380,48,48070,Aulesti
48381,48,48007,Munitibar-Arbatzegi Gerrikaitz-
48382,48,48062,Mendata
48383,48,48914,Arratzu
48390,48,48092,Bedia
48391,48,48067,Muxika
48392,48,48067,Muxika
48393,48,48906,Forua
48394,48,48908,Murueta
48395,48,48076,Sukarrieta
48410,48,48075,Orozko
48419,48,48075,Orozko
48450,48,48029,Etxebarri
48460,48,48074,Urduña / Orduña
48480,48,48011,Arrigorriaga
48490,48,48065,Ugao-Miraballes
48498,48,48009,Arrankudiaga
48499,48,48009,Arrankudiaga
48500,48,48002,Abanto Zierbena / Abanto y Ciérvana
48508,48,48913,Zierbena
48510,48,48080,Trapagaran / Valle de Trapaga
48520,48,48080,Trapagaran / Valle de Trapaga
48530,48,48083,Ortuella
48550,48,48071,Muskiz
48600,48,48085,Sopela
48610,48,48089,Urduliz
48620,48,48043,Gorliz
48630,48,48043,Gorliz
48640,48,48016,Berango
48650,48,48014,Barrika
48700,48,48073,Ondarroa
48710,48,48018,Berriatua
48800,48,48090,Balmaseda
48810,48,48912,Alonsotegi
48820,48,48045,Güeñes
48830,48,48045,Güeñes
48840,48,48045,Güeñes
48850,48,48096,Zalla
48860,48,48096,Zalla
48869,48,48086,Sopuerta
48870,48,48086,Sopuerta
48879,48,48008,Artzentales
48880,48,48087,Turtzioz / Trucios
48890,48,48022,Karrantza Harana / Valle de Carranza
48891,48,48022,Karrantza Harana / Valle de Carranza
48895,48,48051,Lanestosa
48900,48,48900,Barakaldo
48901,48,48013,Barakaldo
48902,48,48013,Barakaldo
48903,48,48013,Barakaldo
48910,48,48084,Sestao
48920,48,48078,Portugalete
48930,48,48044,Getxo
48940,48,48054,Leioa
48950,48,48902,Erandio
48960,48,48036,Galdakao
48970,48,48015,Basauri
48980,48,48082,Santurtzi
48990,48,48044,Getxo
48991,48,48044,Getxo
48992,48,48044,Getxo
48993,48,48044,Getxo
48998,48,48998,Getxo
49001,49,49275,Zamora
49002,49,49275,Zamora
49003,49,49275,Zamora
49004,49,49275,Zamora
49005,49,49275,Zamora
49006,49,49275,Zamora
49007,49,49275,Zamora
49008,49,49275,Zamora
49009,49,49275,Zamora
49010,49,49275,Zamora
49011,49,49275,Zamora
49012,49,49275,Zamora
49013,49,49275,Zamora
49014,49,49275,Zamora
49015,49,49275,Zamora
49016,49,49275,Zamora
49017,49,49275,Zamora
49018,49,49275,Zamora
49019,49,49275,Zamora
49020,49,49275,Zamora
49021,49,49275,Zamora
49022,49,49275,Zamora
49023,49,49275,Zamora
49024,49,49275,Zamora
49025,49,49275,Zamora
49026,49,49275,Zamora
49027,49,49275,Zamora
49028,49,49275,Zamora
49029,49,49275,Zamora
49030,49,49275,Zamora
49031,49,49275,Zamora
49032,49,49275,Zamora
49070,49,49070,Zamora (CP 49070)
49071,49,49071,Zamora (CP 49071)
49080,49,49080,Zamora (CP 49080)
49100,49,49260,Villanueva del Campo
49110,49,49043,Castroverde de Campos
49120,49,49119,Molacillos
49121,49,49121,Mombuey
49122,49,49222,Torres del Carrizal
49123,49,49022,Benegiles
49124,49,49016,Aspariegos
49125,49,49047,Cerecinos del Carrizal
49126,49,49014,Arquillinos
49127,49,49042,Castronuevo
49128,49,49035,Cañizo
49129,49,49190,San Martín de Valderaduey
49130,49,49108,Manganeses de la Lampreana
49131,49,49252,Villamayor de Campos
49132,49,49263,Villar de Fallaves
49133,49,49232,Vega de Villalobos
49134,49,49248,Villalobos
49135,49,49236,Vidayanes
49136,49,49242,Villafáfila
49137,49,49242,Villafáfila
49140,49,49214,Tábara
49141,49,49063,Faramontanos de Tábara
49142,49,49141,Pajares de la Lampreana
49143,49,49155,Piedrahita de Castro
49144,49,49186,San Cebrián de Castro
49145,49,49153,Perilla de Castro
49146,49,49138,Olmillos de Castro
49147,49,49138,Olmillos de Castro
49148,49,49164,Pozuelo de Tábara
49149,49,49123,Montamarta
49150,49,49125,Moraleja del Vino
49151,49,49010,Arcenillas
49152,49,49210,Sanzoles
49153,49,49234,Venialbo
49154,49,49146,"Pego, El"
49155,49,49024,"Bóveda de Toro, La"
49156,49,49093,Guarrate
49157,49,49103,Madridanos
49158,49,49245,Villalazán
49159,49,49261,Villaralbo
49160,49,49036,Carbajales de Alba
49161,49,49202,Santa Eufemia del Barco
49162,49,49142,Palacios del Pan
49163,49,49111,Manzanal del Barco
49164,49,49135,Muelas del Pan
49165,49,49135,Muelas del Pan
49166,49,49247,Villalcampo
49167,49,49135,Muelas del Pan
49168,49,49168,Bermillo De Alba
49170,49,49151,"Perdigón, El"
49171,49,49152,Pereruela
49172,49,49152,Pereruela
49173,49,49152,Pereruela
49174,49,49077,Fresno de Sayago
49176,49,49149,Peñausende
49177,49,49126,Moraleja de Sayago
49178,49,49149,Peñausende
49180,49,49007,Almaraz de Duero
49181,49,49269,Villaseco del Pan
49182,49,49194,San Pedro de la Nave-Almendra
49183,49,49194,San Pedro de la Nave-Almendra
49190,49,49127,Morales del Vino
49191,49,49044,Cazurra
49192,49,49095,"Hiniesta, La"
49200,49,49023,Bermillo de Sayago
49210,49,49008,Almeida de Sayago
49211,49,49023,Bermillo de Sayago
49212,49,49136,Muga de Sayago
49213,49,49064,Fariza
49214,49,49064,Fariza
49215,49,49023,Bermillo de Sayago
49216,49,49023,Bermillo de Sayago
49220,49,49065,Fermoselle
49230,49,49264,Villar del Buey
49231,49,49264,Villar del Buey
49232,49,49264,Villar del Buey
49240,49,49264,Villar del Buey
49250,49,49240,Villadepera
49251,49,49012,Argañín
49252,49,49221,Torregamones
49253,49,49131,Moralina
49254,49,49124,Moral de Sayago
49255,49,49023,Bermillo de Sayago
49260,49,49023,Bermillo de Sayago
49270,49,49152,Pereruela
49271,49,49152,Pereruela
49272,49,49152,Pereruela
49280,49,49152,Pereruela
49281,49,49152,Pereruela
49290,49,49290,Dehesa De Pelazas
49300,49,49166,Puebla de Sanabria
49310,49,49121,Mombuey
49317,49,49048,Cernadilla
49318,49,49150,Peque
49319,49,49112,Manzanal de los Infantes
49320,49,49143,Palacios de Sanabria
49321,49,49143,Palacios de Sanabria
49322,49,49181,Rosinos de la Requejada
49323,49,49181,Rosinos de la Requejada
49324,49,49017,Asturianos
49325,49,49017,Asturianos
49326,49,49177,Rionegro del Puente
49327,49,49120,Molezuelas de la Carballeda
49329,49,49329,Calzada De Tera
49330,49,49177,Rionegro del Puente
49331,49,49032,Calzadilla de Tera
49332,49,49033,Camarzana de Tera
49333,49,49167,Pueblica de Valverde
49334,49,49066,Ferreras de Abajo
49335,49,49067,Ferreras de Arriba
49336,49,49139,Otero de Bodas
49337,49,49067,Ferreras de Arriba
49340,49,49097,Justel
49341,49,49134,Muelas de los Caballeros
49342,49,49181,Rosinos de la Requejada
49343,49,49097,Justel
49344,49,49134,Muelas de los Caballeros
49345,49,49062,Espadañedo
49346,49,49062,Espadañedo
49347,49,49062,Espadañedo
49348,49,49017,Asturianos
49349,49,49181,Rosinos de la Requejada
49350,49,49085,Galende
49352,49,49085,Galende
49357,49,49189,San Justo
49358,49,49189,San Justo
49359,49,49189,San Justo
49360,49,49085,Galende
49361,49,49085,Galende
49362,49,49085,Galende
49390,49,49166,Puebla de Sanabria
49391,49,49145,Pedralba de la Pradería
49392,49,49145,Pedralba de la Pradería
49393,49,49166,Puebla de Sanabria
49394,49,49050,Cobreros
49395,49,49050,Cobreros
49396,49,49050,Cobreros
49400,49,49081,Fuentesaúco
49410,49,49080,Fuentelapeña
49419,49,49040,Castrillo de la Guareña
49420,49,49226,Vadillo de la Guareña
49430,49,49241,Villaescusa
49440,49,49034,Cañizal
49450,49,49230,Vallesa de la Guareña
49500,49,49003,Alcañices
49510,49,49071,Fonfría
49511,49,49071,Fonfría
49512,49,49087,Gallegos del Río
49513,49,49071,Fonfría
49514,49,49003,Alcañices
49515,49,49273,Viñas
49516,49,49223,Trabazos
49517,49,49003,Alcañices
49518,49,49003,Alcañices
49519,49,49172,Rabanales
49520,49,49069,Figueruela de Arriba
49521,49,49069,Figueruela de Arriba
49522,49,49104,Mahide
49523,49,49209,San Vitero
49524,49,49273,Viñas
49525,49,49173,Rábano de Aliste
49530,49,49053,Coreses
49539,49,49006,Algodre
49540,49,49068,Ferreruela
49541,49,49098,Losacino
49542,49,49087,Gallegos del Río
49543,49,49098,Losacino
49550,49,49068,Ferreruela
49559,49,49087,Gallegos del Río
49560,49,49104,Mahide
49561,49,49104,Mahide
49562,49,49262,Villardeciervos
49563,49,49262,Villardeciervos
49570,49,49100,Lubián
49571,49,49094,Hermisende
49572,49,49094,Hermisende
49573,49,49100,Lubián
49574,49,49100,Lubián
49580,49,49154,Pías
49582,49,49154,Pías
49583,49,49162,Porto
49590,49,49114,Matilla la Seca
49591,49,49176,Riofrío de Aliste
49592,49,49176,Riofrío de Aliste
49593,49,49110,Manzanal de Arriba
49594,49,49110,Manzanal de Arriba
49600,49,49021,Benavente
49610,49,49018,Ayoó de Vidriales
49618,49,49079,Fuente Encalada
49619,49,49018,Ayoó de Vidriales
49620,49,49200,Santa Cristina de la Polvorosa
49621,49,49206,Santibáñez de Vidriales
49622,49,49206,Santibáñez de Vidriales
49623,49,49171,Quiruelas de Vidriales
49624,49,49117,Micereces de Tera
49625,49,49205,Santibáñez de Tera
49626,49,49116,Melgar de Tera
49627,49,49033,Camarzana de Tera
49628,49,49193,San Pedro de Ceque
49629,49,49027,Brime de Sog
49630,49,49250,Villalpando
49637,49,49637,Cotanes Del Monte
49638,49,49165,Prado
49639,49,49216,Tapioles
49640,49,49046,Cerecinos de Campos
49650,49,49188,San Esteban del Molar
49660,49,49041,Castrogonzalo
49670,49,49082,Fuentes de Ropel
49680,49,49229,Valdescorriel
49690,49,49187,San Cristóbal de Entreviñas
49691,49,49187,San Cristóbal de Entreviñas
49692,49,49113,Matilla de Arzón
49693,49,49075,Fresno de la Polvorosa
49694,49,49109,Manganeses de la Polvorosa
49695,49,49243,Villaferrueña
49696,49,49203,Santa María de la Vega
49697,49,49130,Morales de Valverde
49698,49,49026,Bretocino
49699,49,49011,Arcos de la Polvorosa
49700,49,49054,Corrales del Vino
49706,49,49054,Corrales del Vino
49707,49,49197,Santa Clara de Avedillo
49708,49,49038,Casaseca de Campeán
49709,49,49031,Cabañas de Sayago
49710,49,49058,"Cubo de Tierra del Vino, El"
49714,49,49084,Fuentespreadas
49715,49,49158,"Piñero, El"
49716,49,49013,Argujillo
49717,49,49059,Cuelgamures
49718,49,49115,Mayalde
49719,49,49102,"Maderal, El"
49720,49,49151,"Perdigón, El"
49721,49,49061,Entrala
49722,49,49151,"Perdigón, El"
49730,49,49056,Cubillos
49731,49,49132,Moreruela de los Infanzones
49740,49,49091,Granja de Moreruela
49741,49,49091,Granja de Moreruela
49742,49,49108,Manganeses de la Lampreana
49743,49,49186,San Cebrián de Castro
49750,49,49207,Santovenia
49751,49,49025,Bretó
49760,49,49271,Villaveza del Agua
49770,49,49238,Villabrázaro
49780,49,49159,Pobladura del Valle
49781,49,49220,"Torre del Valle, La"
49782,49,49238,Villabrázaro
49783,49,49052,Coomonte
49800,49,49219,Toro
49810,49,49129,Morales de Toro
49820,49,49219,Toro
49830,49,49020,Belver de los Montes
49831,49,49030,Bustillo del Oro
49832,49,49107,Malva
49833,49,49083,Fuentesecas
49834,49,49002,Abezames
49835,49,49163,Pozoantiguo
49836,49,49219,Toro
49840,49,49235,Vezdemarbán
49850,49,49156,Pinilla de Toro
49860,49,49249,Villalonso
49870,49,49270,Villavendimio
49871,49,49267,Villardondiego
49880,49,49147,Peleagonzalo
49881,49,49219,Toro
49882,49,49228,Valdefinjas
50001,50,50297,Zaragoza
50002,50,50297,Zaragoza
50003,50,50297,Zaragoza
50004,50,50297,Zaragoza
50005,50,50297,Zaragoza
50006,50,50297,Zaragoza
50007,50,50297,Zaragoza
50008,50,50297,Zaragoza
50009,50,50297,Zaragoza
50010,50,50297,Zaragoza
50011,50,50297,Zaragoza
50012,50,50297,Zaragoza
50013,50,50297,Zaragoza
50014,50,50297,Zaragoza
50015,50,50297,Zaragoza
50016,50,50297,Zaragoza
50017,50,50297,Zaragoza
50018,50,50297,Zaragoza
50019,50,50297,Zaragoza
50020,50,50297,Zaragoza
50021,50,50297,Zaragoza
50022,50,50297,Zaragoza
50059,50,50297,Zaragoza
50070,50,50070,Zaragoza (CP 50070)
50071,50,50071,Zaragoza (CP 50071)
50080,50,50080,Zaragoza (CP 50080)
50090,50,50090,Zaragoza (CP 50090)
50100,50,50025,"Almunia de Doña Godina, La"
50108,50,50024,Almonacid de la Sierra
50109,50,50026,Alpartir
50110,50,50110,Campamento San Gregorio
50120,50,50297,Zaragoza
50130,50,50045,Belchite
50131,50,50136,Lécera
50132,50,50085,Codo
50133,50,50023,Almonacid de la Cuba
50134,50,50133,Lagata
50135,50,50115,Fuentes de Ebro
50136,50,50139,Letux
50137,50,50218,Puebla de Albortón
50138,50,50275,Valmadrid
50139,50,50297,Zaragoza
50140,50,50039,Azuara
50141,50,50131,Jaulín
50142,50,50114,Fuendetodos
50143,50,50213,Plenas
50144,50,50171,Moneva
50150,50,50124,Herrera de los Navarros
50151,50,50149,Luesma
50152,50,50167,Mezalocha
50153,50,50290,Villanueva de Huerva
50154,50,50264,Tosos
50155,50,50005,Aguilón
50156,50,50291,Villar de los Navarros
50160,50,50137,Leciñena
50161,50,50206,Perdiguera
50162,50,50903,Villamayor de Gállego
50163,50,50104,Farlete
50164,50,50170,Monegrillo
50170,50,50165,Mequinenza
50171,50,50219,"Puebla de Alfindén, La"
50172,50,50017,Alfajarín
50173,50,50193,Nuez de Ebro
50174,50,50285,Villafranca de Ebro
50175,50,50199,Osera de Ebro
50176,50,50176,Hostal El Ciervo
50177,50,50059,Bujaraloz
50178,50,50022,"Almolda, La"
50180,50,50272,Utebo
50190,50,50297,Zaragoza
50191,50,50297,Zaragoza
50192,50,50192,Aula-Dei (Cartuja De)
50193,50,50297,Zaragoza
50194,50,50297,Zaragoza
50195,50,50203,Pastriz
50196,50,50182,"Muela, La"
50197,50,50197,Zaragoza (CP 50197)
50198,50,50198,Poligono Industrial Centrovia (La Muela)
50200,50,50038,Ateca
50210,50,50192,Nuévalos
50211,50,50076,Castejón de las Armas
50212,50,50072,Carenas
50213,50,50173,Monterde
50214,50,50071,Campillo de Aragón
50215,50,50178,Moros
50216,50,50287,Villalengua
50217,50,50263,Torrijo de la Cañada
50219,50,50277,Valtorres
50220,50,50034,Ariza
50227,50,50246,Sisamón
50228,50,50065,Cabolafuente
50229,50,50054,Bordalba
50230,50,50020,Alhama de Aragón
50236,50,50125,Ibdes
50237,50,50129,Jaraba
50238,50,50070,Calmarza
50239,50,50087,Contamina
50240,50,50066,Cadrete
50246,50,50057,Brea de Aragón
50247,50,50177,Morés
50248,50,50243,Sestrica
50249,50,50243,Sestrica
50250,50,50126,Illueca
50257,50,50121,Gotor
50258,50,50130,Jarque
50259,50,50214,Pomer
50260,50,50175,Morata de Jalón
50266,50,50032,Arándiga
50267,50,50166,Mesones de Isuela
50268,50,50069,Calcena
50269,50,50254,Tierga
50270,50,50225,Ricla
50280,50,50068,Calatorao
50290,50,50099,Épila
50291,50,50172,Monreal de Ariza
50292,50,50081,Cetina
50293,50,50253,Terrer
50294,50,50146,Lucena de Jalón
50295,50,50150,Lumpiaque
50296,50,50044,Bardallur
50297,50,50043,Bárboles
50298,50,50209,Pinseque
50299,50,50241,Sabiñán
50300,50,50067,Calatayud
50310,50,50293,Villarroya de la Sierra
50311,50,50257,Torralba de Ribota
50312,50,50079,Cervera de la Cañada
50313,50,50029,Aniñón
50314,50,50084,Clarés de Ribota
50315,50,50155,Malanquilla
50316,50,50047,Berdejo
50320,50,50110,"Frasno, El"
50322,50,50110,"Frasno, El"
50323,50,50110,"Frasno, El"
50324,50,50236,Santa Cruz de Grío
50325,50,50255,Tobed
50326,50,50086,Codos
50330,50,50169,Miedes de Aragón
50331,50,50162,Mara
50332,50,50046,Belmonte de Gracián
50333,50,50286,Villalba de Perejil
50334,50,50242,Sediles
50335,50,50067,Calatayud
50336,50,50067,Calatayud
50340,50,50159,Maluenda
50341,50,50194,Olvés
50342,50,50201,Paracuellos de Jiloca
50343,50,50279,Velilla de Jiloca
50344,50,50176,Morata de Jiloca
50345,50,50009,Alarba
50346,50,50075,Castejón de Alarba
50347,50,50002,Acered
50348,50,50037,Atea
50360,50,50094,Daroca
50366,50,50042,Balconchán
50367,50,50224,Retascón
50368,50,50154,Mainar
50369,50,50028,Anento
50370,50,50289,Villanueva de Jiloca
50371,50,50273,Valdehorna
50372,50,50274,Val de San Martín
50373,50,50048,Berrueco
50374,50,50016,Aldehuela de Liestos
50375,50,50001,Abanto
50376,50,50090,Cubel
50390,50,50116,Fuentes de Jiloca
50391,50,50174,Montón
50400,50,50073,Cariñena
50408,50,50004,Aguarón
50409,50,50088,Cosuenda
50410,50,50089,Cuarte de Huerva
50411,50,50411,Santa Fe
50420,50,50066,Cadrete
50430,50,50163,María de Huerva
50440,50,50180,Mozota
50441,50,50056,Botorrita
50450,50,50181,Muel
50460,50,50143,Longares
50461,50,50018,Alfamén
50470,50,50098,Encinacorba
50480,50,50200,Paniza
50481,50,50007,Aladrén
50482,50,50295,Vistabella
50490,50,50283,Villadoz
50491,50,50040,Badules
50500,50,50251,Tarazona
50510,50,50190,Novallas
50511,50,50157,Malón
50512,50,50261,Torrellas
50513,50,50106,"Fayos, Los"
50514,50,50251,Tarazona
50520,50,50153,Magallón
50529,50,50010,Alberite de San Juan
50530,50,50191,Novillas
50540,50,50055,Borja
50546,50,50060,Bulbuente
50547,50,50249,Tabuenca
50548,50,50063,"Buste, El"
50549,50,50011,Albeta
50550,50,50160,Mallén
50560,50,50003,Agón
50561,50,50052,Bisimbre
50562,50,50111,Fréscano
50570,50,50006,Ainzón
50580,50,50280,Vera de Moncayo
50581,50,50141,Lituénigo
50582,50,50295,Vistabella
50583,50,50265,Trasmoz
50584,50,50234,San Martín de la Virgen de Moncayo
50590,50,50099,Épila
50591,50,50014,Alcalá de Moncayo
50592,50,50592,Veruela
50596,50,50596,Novellaco
50600,50,50095,Ejea de los Caballeros
50610,50,50151,Luna
50611,50,50100,Erla
50612,50,50244,Sierra de Luna
50614,50,50220,Puendeluna
50615,50,50151,Luna
50616,50,50207,Piedratajada
50617,50,50095,Ejea de los Caballeros
50619,50,50036,Asín
50620,50,50297,Zaragoza
50629,50,50247,Sobradiel
50630,50,50008,Alagón
50637,50,50223,Remolinos
50638,50,50064,Cabañas de Ebro
50639,50,50107,Figueruelas
50640,50,50147,Luceni
50641,50,50053,Boquiñeni
50650,50,50118,Gallur
50660,50,50252,Tauste
50668,50,50217,Pradilla de Ebro
50669,50,50252,Tauste
50670,50,50230,Sádaba
50678,50,50267,Uncastillo
50679,50,50230,Sádaba
50680,50,50248,Sos del Rey Católico
50682,50,50245,Sigüés
50683,50,50035,Artieda
50684,50,50232,Salvatierra de Esca
50685,50,50041,Bagüés
50686,50,50186,Navardún
50686,31,50186,Navardún
50687,50,50128,Isuerre
50688,50,50144,Longás
50689,50,50248,Sos del Rey Católico
50690,50,50204,Pedrola
50691,50,50013,Alcalá de Ebro
50692,50,50132,"Joyosa, La"
50693,50,50262,Torres de Berrellén
50694,50,50095,Ejea de los Caballeros
50695,50,50051,Biota
50696,50,50078,Castiliscar
50700,50,50074,Caspe
50709,50,50074,Caspe
50710,50,50152,Maella
50720,50,50225,Ricla
50730,50,50062,"Burgo de Ebro, El"
50740,50,50115,Fuentes de Ebro
50741,50,50741,Roden
50750,50,50208,Pina de Ebro
50760,50,50278,Velilla de Ebro
50770,50,50222,Quinto
50780,50,50240,Sástago
50781,50,50012,Alborge
50782,50,50083,Cinco Olivas
50783,50,50019,Alforque
50784,50,50296,"Zaida, La"
50786,50,50119,Gelsa
50790,50,50101,Escatrón
50792,50,50092,Chiprana
50793,50,50102,Fabara
50794,50,50189,Nonaspe
50795,50,50105,Fayón
50800,50,50298,Zuera
50810,50,50298,Zuera
50820,50,50297,Zaragoza
50830,50,50008,Alagón
50840,50,50235,San Mateo de Gállego
51001,51,51001,Ceuta
51002,51,51001,Ceuta
51003,51,51001,Ceuta
51004,51,51001,Ceuta
51005,51,51001,Ceuta
51070,51,51070,Ceuta (CP 51070)
51071,51,51071,Ceuta (CP 51071)
51080,51,51080,Ceuta (CP 51080)